$date
	Wed Jul 29 20:51:16 2026
$end
$version
	Questa Altera Starter FPGA Edition Version 2025.2
$end
$timescale
	1us
$end

$scope module pwm_gen_tb $end
$var reg 1 ! clk $end
$var reg 1 " rst_n $end
$var reg 32 # duty [31:0] $end
$var wire 1 $ out $end
$var wire 1 % error $end

$scope module dut $end
$var parameter 32 & PERIOD $end
$var wire 1 ' clk $end
$var wire 1 ( rst_n $end
$var wire 1 ) duty [31] $end
$var wire 1 * duty [30] $end
$var wire 1 + duty [29] $end
$var wire 1 , duty [28] $end
$var wire 1 - duty [27] $end
$var wire 1 . duty [26] $end
$var wire 1 / duty [25] $end
$var wire 1 0 duty [24] $end
$var wire 1 1 duty [23] $end
$var wire 1 2 duty [22] $end
$var wire 1 3 duty [21] $end
$var wire 1 4 duty [20] $end
$var wire 1 5 duty [19] $end
$var wire 1 6 duty [18] $end
$var wire 1 7 duty [17] $end
$var wire 1 8 duty [16] $end
$var wire 1 9 duty [15] $end
$var wire 1 : duty [14] $end
$var wire 1 ; duty [13] $end
$var wire 1 < duty [12] $end
$var wire 1 = duty [11] $end
$var wire 1 > duty [10] $end
$var wire 1 ? duty [9] $end
$var wire 1 @ duty [8] $end
$var wire 1 A duty [7] $end
$var wire 1 B duty [6] $end
$var wire 1 C duty [5] $end
$var wire 1 D duty [4] $end
$var wire 1 E duty [3] $end
$var wire 1 F duty [2] $end
$var wire 1 G duty [1] $end
$var wire 1 H duty [0] $end
$var reg 1 I out $end
$var reg 1 J error $end
$var reg 32 K counter [31:0] $end
$var reg 32 L duty_D [31:0] $end
$upscope $end
$upscope $end
$enddefinitions $end
#0
$dumpvars
0!
0"
b0 #
xI
xJ
bx K
bx L
b1100100 &
x$
x%
0H
0G
0F
0E
0D
0C
0B
0A
0@
0?
0>
0=
0<
0;
0:
09
08
07
06
05
04
03
02
01
00
0/
0.
0-
0,
0+
0*
0)
0(
0'
$end
#5000
1!
1'
0I
0J
b0 K
b0 L
0$
0%
#10000
0!
0'
#15000
1!
1'
#20000
0!
0'
#25000
1!
1'
#30000
1"
b110010 #
0!
1(
1G
1D
1C
0'
#35000
1!
1'
b1 K
#40000
0!
0'
#45000
1!
1'
b10 K
#50000
0!
0'
#55000
1!
1'
b11 K
#60000
0!
0'
#65000
1!
1'
b100 K
#70000
0!
0'
#75000
1!
1'
b101 K
#80000
0!
0'
#85000
1!
1'
b110 K
#90000
0!
0'
#95000
1!
1'
b111 K
#100000
0!
0'
#105000
1!
1'
b1000 K
#110000
0!
0'
#115000
1!
1'
b1001 K
#120000
0!
0'
#125000
1!
1'
b1010 K
#130000
0!
0'
#135000
1!
1'
b1011 K
#140000
0!
0'
#145000
1!
1'
b1100 K
#150000
0!
0'
#155000
1!
1'
b1101 K
#160000
0!
0'
#165000
1!
1'
b1110 K
#170000
0!
0'
#175000
1!
1'
b1111 K
#180000
0!
0'
#185000
1!
1'
b10000 K
#190000
0!
0'
#195000
1!
1'
b10001 K
#200000
0!
0'
#205000
1!
1'
b10010 K
#210000
0!
0'
#215000
1!
1'
b10011 K
#220000
0!
0'
#225000
1!
1'
b10100 K
#230000
0!
0'
#235000
1!
1'
b10101 K
#240000
0!
0'
#245000
1!
1'
b10110 K
#250000
0!
0'
#255000
1!
1'
b10111 K
#260000
0!
0'
#265000
1!
1'
b11000 K
#270000
0!
0'
#275000
1!
1'
b11001 K
#280000
0!
0'
#285000
1!
1'
b11010 K
#290000
0!
0'
#295000
1!
1'
b11011 K
#300000
0!
0'
#305000
1!
1'
b11100 K
#310000
0!
0'
#315000
1!
1'
b11101 K
#320000
0!
0'
#325000
1!
1'
b11110 K
#330000
0!
0'
#335000
1!
1'
b11111 K
#340000
0!
0'
#345000
1!
1'
b100000 K
#350000
0!
0'
#355000
1!
1'
b100001 K
#360000
0!
0'
#365000
1!
1'
b100010 K
#370000
0!
0'
#375000
1!
1'
b100011 K
#380000
0!
0'
#385000
1!
1'
b100100 K
#390000
0!
0'
#395000
1!
1'
b100101 K
#400000
0!
0'
#405000
1!
1'
b100110 K
#410000
0!
0'
#415000
1!
1'
b100111 K
#420000
0!
0'
#425000
1!
1'
b101000 K
#430000
0!
0'
#435000
1!
1'
b101001 K
#440000
0!
0'
#445000
1!
1'
b101010 K
#450000
0!
0'
#455000
1!
1'
b101011 K
#460000
0!
0'
#465000
1!
1'
b101100 K
#470000
0!
0'
#475000
1!
1'
b101101 K
#480000
0!
0'
#485000
1!
1'
b101110 K
#490000
0!
0'
#495000
1!
1'
b101111 K
#500000
0!
0'
#505000
1!
1'
b110000 K
#510000
0!
0'
#515000
1!
1'
b110001 K
#520000
0!
0'
#525000
1!
1'
b110010 K
#530000
0!
0'
#535000
1!
1'
b110011 K
#540000
0!
0'
#545000
1!
1'
b110100 K
#550000
0!
0'
#555000
1!
1'
b110101 K
#560000
0!
0'
#565000
1!
1'
b110110 K
#570000
0!
0'
#575000
1!
1'
b110111 K
#580000
0!
0'
#585000
1!
1'
b111000 K
#590000
0!
0'
#595000
1!
1'
b111001 K
#600000
0!
0'
#605000
1!
1'
b111010 K
#610000
0!
0'
#615000
1!
1'
b111011 K
#620000
0!
0'
#625000
1!
1'
b111100 K
#630000
0!
0'
#635000
1!
1'
b111101 K
#640000
0!
0'
#645000
1!
1'
b111110 K
#650000
0!
0'
#655000
1!
1'
b111111 K
#660000
0!
0'
#665000
1!
1'
b1000000 K
#670000
0!
0'
#675000
1!
1'
b1000001 K
#680000
0!
0'
#685000
1!
1'
b1000010 K
#690000
0!
0'
#695000
1!
1'
b1000011 K
#700000
0!
0'
#705000
1!
1'
b1000100 K
#710000
0!
0'
#715000
1!
1'
b1000101 K
#720000
0!
0'
#725000
1!
1'
b1000110 K
#730000
0!
0'
#735000
1!
1'
b1000111 K
#740000
0!
0'
#745000
1!
1'
b1001000 K
#750000
0!
0'
#755000
1!
1'
b1001001 K
#760000
0!
0'
#765000
1!
1'
b1001010 K
#770000
0!
0'
#775000
1!
1'
b1001011 K
#780000
0!
0'
#785000
1!
1'
b1001100 K
#790000
0!
0'
#795000
1!
1'
b1001101 K
#800000
0!
0'
#805000
1!
1'
b1001110 K
#810000
0!
0'
#815000
1!
1'
b1001111 K
#820000
0!
0'
#825000
1!
1'
b1010000 K
#830000
0!
0'
#835000
1!
1'
b1010001 K
#840000
0!
0'
#845000
1!
1'
b1010010 K
#850000
0!
0'
#855000
1!
1'
b1010011 K
#860000
0!
0'
#865000
1!
1'
b1010100 K
#870000
0!
0'
#875000
1!
1'
b1010101 K
#880000
0!
0'
#885000
1!
1'
b1010110 K
#890000
0!
0'
#895000
1!
1'
b1010111 K
#900000
0!
0'
#905000
1!
1'
b1011000 K
#910000
0!
0'
#915000
1!
1'
b1011001 K
#920000
0!
0'
#925000
1!
1'
b1011010 K
#930000
0!
0'
#935000
1!
1'
b1011011 K
#940000
0!
0'
#945000
1!
1'
b1011100 K
#950000
0!
0'
#955000
1!
1'
b1011101 K
#960000
0!
0'
#965000
1!
1'
b1011110 K
#970000
0!
0'
#975000
1!
1'
b1011111 K
#980000
0!
0'
#985000
1!
1'
b1100000 K
#990000
0!
0'
#995000
1!
1'
b1100001 K
#1000000
0!
0'
#1005000
1!
1'
b1100010 K
#1010000
0!
0'
#1015000
1!
1'
b1100011 K
#1020000
0!
0'
#1025000
1!
1'
b110010 L
b0 K
#1030000
0!
0'
#1035000
1!
1'
b1 K
1I
1$
#1040000
0!
0'
#1045000
1!
1'
b10 K
#1050000
0!
0'
#1055000
1!
1'
b11 K
#1060000
0!
0'
#1065000
1!
1'
b100 K
#1070000
0!
0'
#1075000
1!
1'
b101 K
#1080000
0!
0'
#1085000
1!
1'
b110 K
#1090000
0!
0'
#1095000
1!
1'
b111 K
#1100000
0!
0'
#1105000
1!
1'
b1000 K
#1110000
0!
0'
#1115000
1!
1'
b1001 K
#1120000
0!
0'
#1125000
1!
1'
b1010 K
#1130000
0!
0'
#1135000
1!
1'
b1011 K
#1140000
0!
0'
#1145000
1!
1'
b1100 K
#1150000
0!
0'
#1155000
1!
1'
b1101 K
#1160000
0!
0'
#1165000
1!
1'
b1110 K
#1170000
0!
0'
#1175000
1!
1'
b1111 K
#1180000
0!
0'
#1185000
1!
1'
b10000 K
#1190000
0!
0'
#1195000
1!
1'
b10001 K
#1200000
0!
0'
#1205000
1!
1'
b10010 K
#1210000
0!
0'
#1215000
1!
1'
b10011 K
#1220000
0!
0'
#1225000
1!
1'
b10100 K
#1230000
0!
0'
#1235000
1!
1'
b10101 K
#1240000
0!
0'
#1245000
1!
1'
b10110 K
#1250000
0!
0'
#1255000
1!
1'
b10111 K
#1260000
0!
0'
#1265000
1!
1'
b11000 K
#1270000
0!
0'
#1275000
1!
1'
b11001 K
#1280000
0!
0'
#1285000
1!
1'
b11010 K
#1290000
0!
0'
#1295000
1!
1'
b11011 K
#1300000
0!
0'
#1305000
1!
1'
b11100 K
#1310000
0!
0'
#1315000
1!
1'
b11101 K
#1320000
0!
0'
#1325000
1!
1'
b11110 K
#1330000
0!
0'
#1335000
1!
1'
b11111 K
#1340000
0!
0'
#1345000
1!
1'
b100000 K
#1350000
0!
0'
#1355000
1!
1'
b100001 K
#1360000
0!
0'
#1365000
1!
1'
b100010 K
#1370000
0!
0'
#1375000
1!
1'
b100011 K
#1380000
0!
0'
#1385000
1!
1'
b100100 K
#1390000
0!
0'
#1395000
1!
1'
b100101 K
#1400000
0!
0'
#1405000
1!
1'
b100110 K
#1410000
0!
0'
#1415000
1!
1'
b100111 K
#1420000
0!
0'
#1425000
1!
1'
b101000 K
#1430000
0!
0'
#1435000
1!
1'
b101001 K
#1440000
0!
0'
#1445000
1!
1'
b101010 K
#1450000
0!
0'
#1455000
1!
1'
b101011 K
#1460000
0!
0'
#1465000
1!
1'
b101100 K
#1470000
0!
0'
#1475000
1!
1'
b101101 K
#1480000
0!
0'
#1485000
1!
1'
b101110 K
#1490000
0!
0'
#1495000
1!
1'
b101111 K
#1500000
0!
0'
#1505000
1!
1'
b110000 K
#1510000
0!
0'
#1515000
1!
1'
b110001 K
#1520000
0!
0'
#1525000
1!
1'
b110010 K
#1530000
0!
0'
#1535000
1!
1'
b110011 K
0I
0$
#1540000
0!
0'
#1545000
1!
1'
b110100 K
#1550000
0!
0'
#1555000
1!
1'
b110101 K
#1560000
0!
0'
#1565000
1!
1'
b110110 K
#1570000
0!
0'
#1575000
1!
1'
b110111 K
#1580000
0!
0'
#1585000
1!
1'
b111000 K
#1590000
0!
0'
#1595000
1!
1'
b111001 K
#1600000
0!
0'
#1605000
1!
1'
b111010 K
#1610000
0!
0'
#1615000
1!
1'
b111011 K
#1620000
0!
0'
#1625000
1!
1'
b111100 K
#1630000
0!
0'
#1635000
1!
1'
b111101 K
#1640000
0!
0'
#1645000
1!
1'
b111110 K
#1650000
0!
0'
#1655000
1!
1'
b111111 K
#1660000
0!
0'
#1665000
1!
1'
b1000000 K
#1670000
0!
0'
#1675000
1!
1'
b1000001 K
#1680000
0!
0'
#1685000
1!
1'
b1000010 K
#1690000
0!
0'
#1695000
1!
1'
b1000011 K
#1700000
0!
0'
#1705000
1!
1'
b1000100 K
#1710000
0!
0'
#1715000
1!
1'
b1000101 K
#1720000
0!
0'
#1725000
1!
1'
b1000110 K
#1730000
0!
0'
#1735000
1!
1'
b1000111 K
#1740000
0!
0'
#1745000
1!
1'
b1001000 K
#1750000
0!
0'
#1755000
1!
1'
b1001001 K
#1760000
0!
0'
#1765000
1!
1'
b1001010 K
#1770000
0!
0'
#1775000
1!
1'
b1001011 K
#1780000
0!
0'
#1785000
1!
1'
b1001100 K
#1790000
0!
0'
#1795000
1!
1'
b1001101 K
#1800000
0!
0'
#1805000
1!
1'
b1001110 K
#1810000
0!
0'
#1815000
1!
1'
b1001111 K
#1820000
0!
0'
#1825000
1!
1'
b1010000 K
#1830000
0!
0'
#1835000
1!
1'
b1010001 K
#1840000
0!
0'
#1845000
1!
1'
b1010010 K
#1850000
0!
0'
#1855000
1!
1'
b1010011 K
#1860000
0!
0'
#1865000
1!
1'
b1010100 K
#1870000
0!
0'
#1875000
1!
1'
b1010101 K
#1880000
0!
0'
#1885000
1!
1'
b1010110 K
#1890000
0!
0'
#1895000
1!
1'
b1010111 K
#1900000
0!
0'
#1905000
1!
1'
b1011000 K
#1910000
0!
0'
#1915000
1!
1'
b1011001 K
#1920000
0!
0'
#1925000
1!
1'
b1011010 K
#1930000
0!
0'
#1935000
1!
1'
b1011011 K
#1940000
0!
0'
#1945000
1!
1'
b1011100 K
#1950000
0!
0'
#1955000
1!
1'
b1011101 K
#1960000
0!
0'
#1965000
1!
1'
b1011110 K
#1970000
0!
0'
#1975000
1!
1'
b1011111 K
#1980000
0!
0'
#1985000
1!
1'
b1100000 K
#1990000
0!
0'
#1995000
1!
1'
b1100001 K
#2000000
0!
0'
#2005000
1!
1'
b1100010 K
#2010000
0!
0'
#2015000
1!
1'
b1100011 K
#2020000
0!
0'
#2025000
1!
1'
b0 K
#2030000
0!
0'
#2035000
1!
1'
b1 K
1I
1$
#2040000
0!
0'
#2045000
1!
1'
b10 K
#2050000
0!
0'
#2055000
1!
1'
b11 K
#2060000
0!
0'
#2065000
1!
1'
b100 K
#2070000
0!
0'
#2075000
1!
1'
b101 K
#2080000
0!
0'
#2085000
1!
1'
b110 K
#2090000
0!
0'
#2095000
1!
1'
b111 K
#2100000
0!
0'
#2105000
1!
1'
b1000 K
#2110000
0!
0'
#2115000
1!
1'
b1001 K
#2120000
0!
0'
#2125000
1!
1'
b1010 K
#2130000
0!
0'
#2135000
1!
1'
b1011 K
#2140000
0!
0'
#2145000
1!
1'
b1100 K
#2150000
0!
0'
#2155000
1!
1'
b1101 K
#2160000
0!
0'
#2165000
1!
1'
b1110 K
#2170000
0!
0'
#2175000
1!
1'
b1111 K
#2180000
0!
0'
#2185000
1!
1'
b10000 K
#2190000
0!
0'
#2195000
1!
1'
b10001 K
#2200000
0!
0'
#2205000
1!
1'
b10010 K
#2210000
0!
0'
#2215000
1!
1'
b10011 K
#2220000
0!
0'
#2225000
1!
1'
b10100 K
#2230000
0!
0'
#2235000
1!
1'
b10101 K
#2240000
0!
0'
#2245000
1!
1'
b10110 K
#2250000
0!
0'
#2255000
1!
1'
b10111 K
#2260000
0!
0'
#2265000
1!
1'
b11000 K
#2270000
0!
0'
#2275000
1!
1'
b11001 K
#2280000
0!
0'
#2285000
1!
1'
b11010 K
#2290000
0!
0'
#2295000
1!
1'
b11011 K
#2300000
0!
0'
#2305000
1!
1'
b11100 K
#2310000
0!
0'
#2315000
1!
1'
b11101 K
#2320000
0!
0'
#2325000
1!
1'
b11110 K
#2330000
0!
0'
#2335000
1!
1'
b11111 K
#2340000
0!
0'
#2345000
1!
1'
b100000 K
#2350000
0!
0'
#2355000
1!
1'
b100001 K
#2360000
0!
0'
#2365000
1!
1'
b100010 K
#2370000
0!
0'
#2375000
1!
1'
b100011 K
#2380000
0!
0'
#2385000
1!
1'
b100100 K
#2390000
0!
0'
#2395000
1!
1'
b100101 K
#2400000
0!
0'
#2405000
1!
1'
b100110 K
#2410000
0!
0'
#2415000
1!
1'
b100111 K
#2420000
0!
0'
#2425000
1!
1'
b101000 K
#2430000
0!
0'
#2435000
1!
1'
b101001 K
#2440000
0!
0'
#2445000
1!
1'
b101010 K
#2450000
0!
0'
#2455000
1!
1'
b101011 K
#2460000
0!
0'
#2465000
1!
1'
b101100 K
#2470000
0!
0'
#2475000
1!
1'
b101101 K
#2480000
0!
0'
#2485000
1!
1'
b101110 K
#2490000
0!
0'
#2495000
1!
1'
b101111 K
#2500000
0!
0'
#2505000
1!
1'
b110000 K
#2510000
0!
0'
#2515000
1!
1'
b110001 K
#2520000
0!
0'
#2525000
1!
1'
b110010 K
#2530000
0!
0'
#2535000
1!
1'
b110011 K
0I
0$
#2540000
0!
0'
#2545000
1!
1'
b110100 K
#2550000
0!
0'
#2555000
1!
1'
b110101 K
#2560000
0!
0'
#2565000
1!
1'
b110110 K
#2570000
0!
0'
#2575000
1!
1'
b110111 K
#2580000
0!
0'
#2585000
1!
1'
b111000 K
#2590000
0!
0'
#2595000
1!
1'
b111001 K
#2600000
0!
0'
#2605000
1!
1'
b111010 K
#2610000
0!
0'
#2615000
1!
1'
b111011 K
#2620000
0!
0'
#2625000
1!
1'
b111100 K
#2630000
0!
0'
#2635000
1!
1'
b111101 K
#2640000
0!
0'
#2645000
1!
1'
b111110 K
#2650000
0!
0'
#2655000
1!
1'
b111111 K
#2660000
0!
0'
#2665000
1!
1'
b1000000 K
#2670000
0!
0'
#2675000
1!
1'
b1000001 K
#2680000
0!
0'
#2685000
1!
1'
b1000010 K
#2690000
0!
0'
#2695000
1!
1'
b1000011 K
#2700000
0!
0'
#2705000
1!
1'
b1000100 K
#2710000
0!
0'
#2715000
1!
1'
b1000101 K
#2720000
0!
0'
#2725000
1!
1'
b1000110 K
#2730000
0!
0'
#2735000
1!
1'
b1000111 K
#2740000
0!
0'
#2745000
1!
1'
b1001000 K
#2750000
0!
0'
#2755000
1!
1'
b1001001 K
#2760000
0!
0'
#2765000
1!
1'
b1001010 K
#2770000
0!
0'
#2775000
1!
1'
b1001011 K
#2780000
0!
0'
#2785000
1!
1'
b1001100 K
#2790000
0!
0'
#2795000
1!
1'
b1001101 K
#2800000
0!
0'
#2805000
1!
1'
b1001110 K
#2810000
0!
0'
#2815000
1!
1'
b1001111 K
#2820000
0!
0'
#2825000
1!
1'
b1010000 K
#2830000
0!
0'
#2835000
1!
1'
b1010001 K
#2840000
0!
0'
#2845000
1!
1'
b1010010 K
#2850000
0!
0'
#2855000
1!
1'
b1010011 K
#2860000
0!
0'
#2865000
1!
1'
b1010100 K
#2870000
0!
0'
#2875000
1!
1'
b1010101 K
#2880000
0!
0'
#2885000
1!
1'
b1010110 K
#2890000
0!
0'
#2895000
1!
1'
b1010111 K
#2900000
0!
0'
#2905000
1!
1'
b1011000 K
#2910000
0!
0'
#2915000
1!
1'
b1011001 K
#2920000
0!
0'
#2925000
1!
1'
b1011010 K
#2930000
0!
0'
#2935000
1!
1'
b1011011 K
#2940000
0!
0'
#2945000
1!
1'
b1011100 K
#2950000
0!
0'
#2955000
1!
1'
b1011101 K
#2960000
0!
0'
#2965000
1!
1'
b1011110 K
#2970000
0!
0'
#2975000
1!
1'
b1011111 K
#2980000
0!
0'
#2985000
1!
1'
b1100000 K
#2990000
0!
0'
#2995000
1!
1'
b1100001 K
#3000000
0!
0'
#3005000
1!
1'
b1100010 K
#3010000
0!
0'
#3015000
1!
1'
b1100011 K
#3020000
0!
0'
#3025000
1!
1'
b0 K
#3030000
0!
0'
#3035000
1!
1'
b1 K
1I
1$
#3040000
0!
0'
#3045000
1!
1'
b10 K
#3050000
0!
0'
#3055000
1!
1'
b11 K
#3060000
0!
0'
#3065000
1!
1'
b100 K
#3070000
0!
0'
#3075000
1!
1'
b101 K
#3080000
0!
0'
#3085000
1!
1'
b110 K
#3090000
0!
0'
#3095000
1!
1'
b111 K
#3100000
0!
0'
#3105000
1!
1'
b1000 K
#3110000
0!
0'
#3115000
1!
1'
b1001 K
#3120000
0!
0'
#3125000
1!
1'
b1010 K
#3130000
0!
0'
#3135000
1!
1'
b1011 K
#3140000
0!
0'
#3145000
1!
1'
b1100 K
#3150000
0!
0'
#3155000
1!
1'
b1101 K
#3160000
0!
0'
#3165000
1!
1'
b1110 K
#3170000
0!
0'
#3175000
1!
1'
b1111 K
#3180000
0!
0'
#3185000
1!
1'
b10000 K
#3190000
0!
0'
#3195000
1!
1'
b10001 K
#3200000
0!
0'
#3205000
1!
1'
b10010 K
#3210000
0!
0'
#3215000
1!
1'
b10011 K
#3220000
0!
0'
#3225000
1!
1'
b10100 K
#3230000
0!
0'
#3235000
1!
1'
b10101 K
#3240000
0!
0'
#3245000
1!
1'
b10110 K
#3250000
0!
0'
#3255000
1!
1'
b10111 K
#3260000
0!
0'
#3265000
1!
1'
b11000 K
#3270000
0!
0'
#3275000
1!
1'
b11001 K
#3280000
0!
0'
#3285000
1!
1'
b11010 K
#3290000
0!
0'
#3295000
1!
1'
b11011 K
#3300000
0!
0'
#3305000
1!
1'
b11100 K
#3310000
0!
0'
#3315000
1!
1'
b11101 K
#3320000
0!
0'
#3325000
1!
1'
b11110 K
#3330000
0!
0'
#3335000
1!
1'
b11111 K
#3340000
0!
0'
#3345000
1!
1'
b100000 K
#3350000
0!
0'
#3355000
1!
1'
b100001 K
#3360000
0!
0'
#3365000
1!
1'
b100010 K
#3370000
0!
0'
#3375000
1!
1'
b100011 K
#3380000
0!
0'
#3385000
1!
1'
b100100 K
#3390000
0!
0'
#3395000
1!
1'
b100101 K
#3400000
0!
0'
#3405000
1!
1'
b100110 K
#3410000
0!
0'
#3415000
1!
1'
b100111 K
#3420000
0!
0'
#3425000
1!
1'
b101000 K
#3430000
0!
0'
#3435000
1!
1'
b101001 K
#3440000
0!
0'
#3445000
1!
1'
b101010 K
#3450000
0!
0'
#3455000
1!
1'
b101011 K
#3460000
0!
0'
#3465000
1!
1'
b101100 K
#3470000
0!
0'
#3475000
1!
1'
b101101 K
#3480000
0!
0'
#3485000
1!
1'
b101110 K
#3490000
0!
0'
#3495000
1!
1'
b101111 K
#3500000
0!
0'
#3505000
1!
1'
b110000 K
#3510000
0!
0'
#3515000
1!
1'
b110001 K
#3520000
0!
0'
#3525000
1!
1'
b110010 K
#3530000
0!
0'
#3535000
1!
1'
b110011 K
0I
0$
#3540000
0!
0'
#3545000
1!
1'
b110100 K
#3550000
0!
0'
#3555000
1!
1'
b110101 K
#3560000
0!
0'
#3565000
1!
1'
b110110 K
#3570000
0!
0'
#3575000
1!
1'
b110111 K
#3580000
0!
0'
#3585000
1!
1'
b111000 K
#3590000
0!
0'
#3595000
1!
1'
b111001 K
#3600000
0!
0'
#3605000
1!
1'
b111010 K
#3610000
0!
0'
#3615000
1!
1'
b111011 K
#3620000
0!
0'
#3625000
1!
1'
b111100 K
#3630000
0!
0'
#3635000
1!
1'
b111101 K
#3640000
0!
0'
#3645000
1!
1'
b111110 K
#3650000
0!
0'
#3655000
1!
1'
b111111 K
#3660000
0!
0'
#3665000
1!
1'
b1000000 K
#3670000
0!
0'
#3675000
1!
1'
b1000001 K
#3680000
0!
0'
#3685000
1!
1'
b1000010 K
#3690000
0!
0'
#3695000
1!
1'
b1000011 K
#3700000
0!
0'
#3705000
1!
1'
b1000100 K
#3710000
0!
0'
#3715000
1!
1'
b1000101 K
#3720000
0!
0'
#3725000
1!
1'
b1000110 K
#3730000
0!
0'
#3735000
1!
1'
b1000111 K
#3740000
0!
0'
#3745000
1!
1'
b1001000 K
#3750000
0!
0'
#3755000
1!
1'
b1001001 K
#3760000
0!
0'
#3765000
1!
1'
b1001010 K
#3770000
0!
0'
#3775000
1!
1'
b1001011 K
#3780000
0!
0'
#3785000
1!
1'
b1001100 K
#3790000
0!
0'
#3795000
1!
1'
b1001101 K
#3800000
0!
0'
#3805000
1!
1'
b1001110 K
#3810000
0!
0'
#3815000
1!
1'
b1001111 K
#3820000
0!
0'
#3825000
1!
1'
b1010000 K
#3830000
0!
0'
#3835000
1!
1'
b1010001 K
#3840000
0!
0'
#3845000
1!
1'
b1010010 K
#3850000
0!
0'
#3855000
1!
1'
b1010011 K
#3860000
0!
0'
#3865000
1!
1'
b1010100 K
#3870000
0!
0'
#3875000
1!
1'
b1010101 K
#3880000
0!
0'
#3885000
1!
1'
b1010110 K
#3890000
0!
0'
#3895000
1!
1'
b1010111 K
#3900000
0!
0'
#3905000
1!
1'
b1011000 K
#3910000
0!
0'
#3915000
1!
1'
b1011001 K
#3920000
0!
0'
#3925000
1!
1'
b1011010 K
#3930000
0!
0'
#3935000
1!
1'
b1011011 K
#3940000
0!
0'
#3945000
1!
1'
b1011100 K
#3950000
0!
0'
#3955000
1!
1'
b1011101 K
#3960000
0!
0'
#3965000
1!
1'
b1011110 K
#3970000
0!
0'
#3975000
1!
1'
b1011111 K
#3980000
0!
0'
#3985000
1!
1'
b1100000 K
#3990000
0!
0'
#3995000
1!
1'
b1100001 K
#4000000
0!
0'
#4005000
1!
1'
b1100010 K
#4010000
0!
0'
#4015000
1!
1'
b1100011 K
#4020000
0!
0'
#4025000
1!
1'
b0 K
#4030000
0!
0'
#4035000
1!
1'
b1 K
1I
1$
#4040000
0!
0'
#4045000
1!
1'
b10 K
#4050000
0!
0'
#4055000
1!
1'
b11 K
#4060000
0!
0'
#4065000
1!
1'
b100 K
#4070000
0!
0'
#4075000
1!
1'
b101 K
#4080000
0!
0'
#4085000
1!
1'
b110 K
#4090000
0!
0'
#4095000
1!
1'
b111 K
#4100000
0!
0'
#4105000
1!
1'
b1000 K
#4110000
0!
0'
#4115000
1!
1'
b1001 K
#4120000
0!
0'
#4125000
1!
1'
b1010 K
#4130000
0!
0'
#4135000
1!
1'
b1011 K
#4140000
0!
0'
#4145000
1!
1'
b1100 K
#4150000
0!
0'
#4155000
1!
1'
b1101 K
#4160000
0!
0'
#4165000
1!
1'
b1110 K
#4170000
0!
0'
#4175000
1!
1'
b1111 K
#4180000
0!
0'
#4185000
1!
1'
b10000 K
#4190000
0!
0'
#4195000
1!
1'
b10001 K
#4200000
0!
0'
#4205000
1!
1'
b10010 K
#4210000
0!
0'
#4215000
1!
1'
b10011 K
#4220000
0!
0'
#4225000
1!
1'
b10100 K
#4230000
0!
0'
#4235000
1!
1'
b10101 K
#4240000
0!
0'
#4245000
1!
1'
b10110 K
#4250000
0!
0'
#4255000
1!
1'
b10111 K
#4260000
0!
0'
#4265000
1!
1'
b11000 K
#4270000
0!
0'
#4275000
1!
1'
b11001 K
#4280000
0!
0'
#4285000
1!
1'
b11010 K
#4290000
0!
0'
#4295000
1!
1'
b11011 K
#4300000
0!
0'
#4305000
1!
1'
b11100 K
#4310000
0!
0'
#4315000
1!
1'
b11101 K
#4320000
0!
0'
#4325000
1!
1'
b11110 K
#4330000
0!
0'
#4335000
1!
1'
b11111 K
#4340000
0!
0'
#4345000
1!
1'
b100000 K
#4350000
0!
0'
#4355000
1!
1'
b100001 K
#4360000
0!
0'
#4365000
1!
1'
b100010 K
#4370000
0!
0'
#4375000
1!
1'
b100011 K
#4380000
0!
0'
#4385000
1!
1'
b100100 K
#4390000
0!
0'
#4395000
1!
1'
b100101 K
#4400000
0!
0'
#4405000
1!
1'
b100110 K
#4410000
0!
0'
#4415000
1!
1'
b100111 K
#4420000
0!
0'
#4425000
1!
1'
b101000 K
#4430000
0!
0'
#4435000
1!
1'
b101001 K
#4440000
0!
0'
#4445000
1!
1'
b101010 K
#4450000
0!
0'
#4455000
1!
1'
b101011 K
#4460000
0!
0'
#4465000
1!
1'
b101100 K
#4470000
0!
0'
#4475000
1!
1'
b101101 K
#4480000
0!
0'
#4485000
1!
1'
b101110 K
#4490000
0!
0'
#4495000
1!
1'
b101111 K
#4500000
0!
0'
#4505000
1!
1'
b110000 K
#4510000
0!
0'
#4515000
1!
1'
b110001 K
#4520000
0!
0'
#4525000
1!
1'
b110010 K
#4530000
0!
0'
#4535000
1!
1'
b110011 K
0I
0$
#4540000
0!
0'
#4545000
1!
1'
b110100 K
#4550000
0!
0'
#4555000
1!
1'
b110101 K
#4560000
0!
0'
#4565000
1!
1'
b110110 K
#4570000
0!
0'
#4575000
1!
1'
b110111 K
#4580000
0!
0'
#4585000
1!
1'
b111000 K
#4590000
0!
0'
#4595000
1!
1'
b111001 K
#4600000
0!
0'
#4605000
1!
1'
b111010 K
#4610000
0!
0'
#4615000
1!
1'
b111011 K
#4620000
0!
0'
#4625000
1!
1'
b111100 K
#4630000
0!
0'
#4635000
1!
1'
b111101 K
#4640000
0!
0'
#4645000
1!
1'
b111110 K
#4650000
0!
0'
#4655000
1!
1'
b111111 K
#4660000
0!
0'
#4665000
1!
1'
b1000000 K
#4670000
0!
0'
#4675000
1!
1'
b1000001 K
#4680000
0!
0'
#4685000
1!
1'
b1000010 K
#4690000
0!
0'
#4695000
1!
1'
b1000011 K
#4700000
0!
0'
#4705000
1!
1'
b1000100 K
#4710000
0!
0'
#4715000
1!
1'
b1000101 K
#4720000
0!
0'
#4725000
1!
1'
b1000110 K
#4730000
0!
0'
#4735000
1!
1'
b1000111 K
#4740000
0!
0'
#4745000
1!
1'
b1001000 K
#4750000
0!
0'
#4755000
1!
1'
b1001001 K
#4760000
0!
0'
#4765000
1!
1'
b1001010 K
#4770000
0!
0'
#4775000
1!
1'
b1001011 K
#4780000
0!
0'
#4785000
1!
1'
b1001100 K
#4790000
0!
0'
#4795000
1!
1'
b1001101 K
#4800000
0!
0'
#4805000
1!
1'
b1001110 K
#4810000
0!
0'
#4815000
1!
1'
b1001111 K
#4820000
0!
0'
#4825000
1!
1'
b1010000 K
#4830000
0!
0'
#4835000
1!
1'
b1010001 K
#4840000
0!
0'
#4845000
1!
1'
b1010010 K
#4850000
0!
0'
#4855000
1!
1'
b1010011 K
#4860000
0!
0'
#4865000
1!
1'
b1010100 K
#4870000
0!
0'
#4875000
1!
1'
b1010101 K
#4880000
0!
0'
#4885000
1!
1'
b1010110 K
#4890000
0!
0'
#4895000
1!
1'
b1010111 K
#4900000
0!
0'
#4905000
1!
1'
b1011000 K
#4910000
0!
0'
#4915000
1!
1'
b1011001 K
#4920000
0!
0'
#4925000
1!
1'
b1011010 K
#4930000
0!
0'
#4935000
1!
1'
b1011011 K
#4940000
0!
0'
#4945000
1!
1'
b1011100 K
#4950000
0!
0'
#4955000
1!
1'
b1011101 K
#4960000
0!
0'
#4965000
1!
1'
b1011110 K
#4970000
0!
0'
#4975000
1!
1'
b1011111 K
#4980000
0!
0'
#4985000
1!
1'
b1100000 K
#4990000
0!
0'
#4995000
1!
1'
b1100001 K
#5000000
0!
0'
#5005000
1!
1'
b1100010 K
#5010000
0!
0'
#5015000
1!
1'
b1100011 K
#5020000
0!
0'
#5025000
1!
1'
b0 K
#5030000
0!
0'
#5035000
1!
1'
b1 K
1I
1$
#5040000
0!
0'
#5045000
1!
1'
b10 K
#5050000
0!
0'
#5055000
1!
1'
b11 K
#5060000
0!
0'
#5065000
1!
1'
b100 K
#5070000
0!
0'
#5075000
1!
1'
b101 K
#5080000
0!
0'
#5085000
1!
1'
b110 K
#5090000
0!
0'
#5095000
1!
1'
b111 K
#5100000
0!
0'
#5105000
1!
1'
b1000 K
#5110000
0!
0'
#5115000
1!
1'
b1001 K
#5120000
0!
0'
#5125000
1!
1'
b1010 K
#5130000
0!
0'
#5135000
1!
1'
b1011 K
#5140000
0!
0'
#5145000
1!
1'
b1100 K
#5150000
0!
0'
#5155000
1!
1'
b1101 K
#5160000
0!
0'
#5165000
1!
1'
b1110 K
#5170000
0!
0'
#5175000
1!
1'
b1111 K
#5180000
0!
0'
#5185000
1!
1'
b10000 K
#5190000
0!
0'
#5195000
1!
1'
b10001 K
#5200000
0!
0'
#5205000
1!
1'
b10010 K
#5210000
0!
0'
#5215000
1!
1'
b10011 K
#5220000
0!
0'
#5225000
1!
1'
b10100 K
#5230000
0!
0'
#5235000
1!
1'
b10101 K
#5240000
0!
0'
#5245000
1!
1'
b10110 K
#5250000
0!
0'
#5255000
1!
1'
b10111 K
#5260000
0!
0'
#5265000
1!
1'
b11000 K
#5270000
0!
0'
#5275000
1!
1'
b11001 K
#5280000
0!
0'
#5285000
1!
1'
b11010 K
#5290000
0!
0'
#5295000
1!
1'
b11011 K
#5300000
0!
0'
#5305000
1!
1'
b11100 K
#5310000
0!
0'
#5315000
1!
1'
b11101 K
#5320000
0!
0'
#5325000
1!
1'
b11110 K
#5330000
0!
0'
#5335000
1!
1'
b11111 K
#5340000
0!
0'
#5345000
1!
1'
b100000 K
#5350000
0!
0'
#5355000
1!
1'
b100001 K
#5360000
0!
0'
#5365000
1!
1'
b100010 K
#5370000
0!
0'
#5375000
1!
1'
b100011 K
#5380000
0!
0'
#5385000
1!
1'
b100100 K
#5390000
0!
0'
#5395000
1!
1'
b100101 K
#5400000
0!
0'
#5405000
1!
1'
b100110 K
#5410000
0!
0'
#5415000
1!
1'
b100111 K
#5420000
0!
0'
#5425000
1!
1'
b101000 K
#5430000
0!
0'
#5435000
1!
1'
b101001 K
#5440000
0!
0'
#5445000
1!
1'
b101010 K
#5450000
0!
0'
#5455000
1!
1'
b101011 K
#5460000
0!
0'
#5465000
1!
1'
b101100 K
#5470000
0!
0'
#5475000
1!
1'
b101101 K
#5480000
0!
0'
#5485000
1!
1'
b101110 K
#5490000
0!
0'
#5495000
1!
1'
b101111 K
#5500000
0!
0'
#5505000
1!
1'
b110000 K
#5510000
0!
0'
#5515000
1!
1'
b110001 K
#5520000
0!
0'
#5525000
1!
1'
b110010 K
#5530000
0!
0'
#5535000
1!
1'
b110011 K
0I
0$
#5540000
0!
0'
#5545000
1!
1'
b110100 K
#5550000
0!
0'
#5555000
1!
1'
b110101 K
#5560000
0!
0'
#5565000
1!
1'
b110110 K
#5570000
0!
0'
#5575000
1!
1'
b110111 K
#5580000
0!
0'
#5585000
1!
1'
b111000 K
#5590000
0!
0'
#5595000
1!
1'
b111001 K
#5600000
0!
0'
#5605000
1!
1'
b111010 K
#5610000
0!
0'
#5615000
1!
1'
b111011 K
#5620000
0!
0'
#5625000
1!
1'
b111100 K
#5630000
0!
0'
#5635000
1!
1'
b111101 K
#5640000
0!
0'
#5645000
1!
1'
b111110 K
#5650000
0!
0'
#5655000
1!
1'
b111111 K
#5660000
0!
0'
#5665000
1!
1'
b1000000 K
#5670000
0!
0'
#5675000
1!
1'
b1000001 K
#5680000
0!
0'
#5685000
1!
1'
b1000010 K
#5690000
0!
0'
#5695000
1!
1'
b1000011 K
#5700000
0!
0'
#5705000
1!
1'
b1000100 K
#5710000
0!
0'
#5715000
1!
1'
b1000101 K
#5720000
0!
0'
#5725000
1!
1'
b1000110 K
#5730000
0!
0'
#5735000
1!
1'
b1000111 K
#5740000
0!
0'
#5745000
1!
1'
b1001000 K
#5750000
0!
0'
#5755000
1!
1'
b1001001 K
#5760000
0!
0'
#5765000
1!
1'
b1001010 K
#5770000
0!
0'
#5775000
1!
1'
b1001011 K
#5780000
0!
0'
#5785000
1!
1'
b1001100 K
#5790000
0!
0'
#5795000
1!
1'
b1001101 K
#5800000
0!
0'
#5805000
1!
1'
b1001110 K
#5810000
0!
0'
#5815000
1!
1'
b1001111 K
#5820000
0!
0'
#5825000
1!
1'
b1010000 K
#5830000
0!
0'
#5835000
1!
1'
b1010001 K
#5840000
0!
0'
#5845000
1!
1'
b1010010 K
#5850000
0!
0'
#5855000
1!
1'
b1010011 K
#5860000
0!
0'
#5865000
1!
1'
b1010100 K
#5870000
0!
0'
#5875000
1!
1'
b1010101 K
#5880000
0!
0'
#5885000
1!
1'
b1010110 K
#5890000
0!
0'
#5895000
1!
1'
b1010111 K
#5900000
0!
0'
#5905000
1!
1'
b1011000 K
#5910000
0!
0'
#5915000
1!
1'
b1011001 K
#5920000
0!
0'
#5925000
1!
1'
b1011010 K
#5930000
0!
0'
#5935000
1!
1'
b1011011 K
#5940000
0!
0'
#5945000
1!
1'
b1011100 K
#5950000
0!
0'
#5955000
1!
1'
b1011101 K
#5960000
0!
0'
#5965000
1!
1'
b1011110 K
#5970000
0!
0'
#5975000
1!
1'
b1011111 K
#5980000
0!
0'
#5985000
1!
1'
b1100000 K
#5990000
0!
0'
#5995000
1!
1'
b1100001 K
#6000000
0!
0'
#6005000
1!
1'
b1100010 K
#6010000
0!
0'
#6015000
1!
1'
b1100011 K
#6020000
0!
0'
#6025000
1!
1'
b0 K
#6030000
0!
0'
#6035000
1!
1'
b1 K
1I
1$
#6040000
0!
0'
#6045000
1!
1'
b10 K
#6050000
0!
0'
#6055000
1!
1'
b11 K
#6060000
0!
0'
#6065000
1!
1'
b100 K
#6070000
0!
0'
#6075000
1!
1'
b101 K
#6080000
0!
0'
#6085000
1!
1'
b110 K
#6090000
0!
0'
#6095000
1!
1'
b111 K
#6100000
0!
0'
#6105000
1!
1'
b1000 K
#6110000
0!
0'
#6115000
1!
1'
b1001 K
#6120000
0!
0'
#6125000
1!
1'
b1010 K
#6130000
0!
0'
#6135000
1!
1'
b1011 K
#6140000
0!
0'
#6145000
1!
1'
b1100 K
#6150000
0!
0'
#6155000
1!
1'
b1101 K
#6160000
0!
0'
#6165000
1!
1'
b1110 K
#6170000
0!
0'
#6175000
1!
1'
b1111 K
#6180000
0!
0'
#6185000
1!
1'
b10000 K
#6190000
0!
0'
#6195000
1!
1'
b10001 K
#6200000
0!
0'
#6205000
1!
1'
b10010 K
#6210000
0!
0'
#6215000
1!
1'
b10011 K
#6220000
0!
0'
#6225000
1!
1'
b10100 K
#6230000
0!
0'
#6235000
1!
1'
b10101 K
#6240000
0!
0'
#6245000
1!
1'
b10110 K
#6250000
0!
0'
#6255000
1!
1'
b10111 K
#6260000
0!
0'
#6265000
1!
1'
b11000 K
#6270000
0!
0'
#6275000
1!
1'
b11001 K
#6280000
0!
0'
#6285000
1!
1'
b11010 K
#6290000
0!
0'
#6295000
1!
1'
b11011 K
#6300000
0!
0'
#6305000
1!
1'
b11100 K
#6310000
0!
0'
#6315000
1!
1'
b11101 K
#6320000
0!
0'
#6325000
1!
1'
b11110 K
#6330000
0!
0'
#6335000
1!
1'
b11111 K
#6340000
0!
0'
#6345000
1!
1'
b100000 K
#6350000
0!
0'
#6355000
1!
1'
b100001 K
#6360000
0!
0'
#6365000
1!
1'
b100010 K
#6370000
0!
0'
#6375000
1!
1'
b100011 K
#6380000
0!
0'
#6385000
1!
1'
b100100 K
#6390000
0!
0'
#6395000
1!
1'
b100101 K
#6400000
0!
0'
#6405000
1!
1'
b100110 K
#6410000
0!
0'
#6415000
1!
1'
b100111 K
#6420000
0!
0'
#6425000
1!
1'
b101000 K
#6430000
0!
0'
#6435000
1!
1'
b101001 K
#6440000
0!
0'
#6445000
1!
1'
b101010 K
#6450000
0!
0'
#6455000
1!
1'
b101011 K
#6460000
0!
0'
#6465000
1!
1'
b101100 K
#6470000
0!
0'
#6475000
1!
1'
b101101 K
#6480000
0!
0'
#6485000
1!
1'
b101110 K
#6490000
0!
0'
#6495000
1!
1'
b101111 K
#6500000
0!
0'
#6505000
1!
1'
b110000 K
#6510000
0!
0'
#6515000
1!
1'
b110001 K
#6520000
0!
0'
#6525000
1!
1'
b110010 K
#6530000
0!
0'
#6535000
1!
1'
b110011 K
0I
0$
#6540000
0!
0'
#6545000
1!
1'
b110100 K
#6550000
0!
0'
#6555000
1!
1'
b110101 K
#6560000
0!
0'
#6565000
1!
1'
b110110 K
#6570000
0!
0'
#6575000
1!
1'
b110111 K
#6580000
0!
0'
#6585000
1!
1'
b111000 K
#6590000
0!
0'
#6595000
1!
1'
b111001 K
#6600000
0!
0'
#6605000
1!
1'
b111010 K
#6610000
0!
0'
#6615000
1!
1'
b111011 K
#6620000
0!
0'
#6625000
1!
1'
b111100 K
#6630000
0!
0'
#6635000
1!
1'
b111101 K
#6640000
0!
0'
#6645000
1!
1'
b111110 K
#6650000
0!
0'
#6655000
1!
1'
b111111 K
#6660000
0!
0'
#6665000
1!
1'
b1000000 K
#6670000
0!
0'
#6675000
1!
1'
b1000001 K
#6680000
0!
0'
#6685000
1!
1'
b1000010 K
#6690000
0!
0'
#6695000
1!
1'
b1000011 K
#6700000
0!
0'
#6705000
1!
1'
b1000100 K
#6710000
0!
0'
#6715000
1!
1'
b1000101 K
#6720000
0!
0'
#6725000
1!
1'
b1000110 K
#6730000
0!
0'
#6735000
1!
1'
b1000111 K
#6740000
0!
0'
#6745000
1!
1'
b1001000 K
#6750000
0!
0'
#6755000
1!
1'
b1001001 K
#6760000
0!
0'
#6765000
1!
1'
b1001010 K
#6770000
0!
0'
#6775000
1!
1'
b1001011 K
#6780000
0!
0'
#6785000
1!
1'
b1001100 K
#6790000
0!
0'
#6795000
1!
1'
b1001101 K
#6800000
0!
0'
#6805000
1!
1'
b1001110 K
#6810000
0!
0'
#6815000
1!
1'
b1001111 K
#6820000
0!
0'
#6825000
1!
1'
b1010000 K
#6830000
0!
0'
#6835000
1!
1'
b1010001 K
#6840000
0!
0'
#6845000
1!
1'
b1010010 K
#6850000
0!
0'
#6855000
1!
1'
b1010011 K
#6860000
0!
0'
#6865000
1!
1'
b1010100 K
#6870000
0!
0'
#6875000
1!
1'
b1010101 K
#6880000
0!
0'
#6885000
1!
1'
b1010110 K
#6890000
0!
0'
#6895000
1!
1'
b1010111 K
#6900000
0!
0'
#6905000
1!
1'
b1011000 K
#6910000
0!
0'
#6915000
1!
1'
b1011001 K
#6920000
0!
0'
#6925000
1!
1'
b1011010 K
#6930000
0!
0'
#6935000
1!
1'
b1011011 K
#6940000
0!
0'
#6945000
1!
1'
b1011100 K
#6950000
0!
0'
#6955000
1!
1'
b1011101 K
#6960000
0!
0'
#6965000
1!
1'
b1011110 K
#6970000
0!
0'
#6975000
1!
1'
b1011111 K
#6980000
0!
0'
#6985000
1!
1'
b1100000 K
#6990000
0!
0'
#6995000
1!
1'
b1100001 K
#7000000
0!
0'
#7005000
1!
1'
b1100010 K
#7010000
0!
0'
#7015000
1!
1'
b1100011 K
#7020000
0!
0'
#7025000
1!
1'
b0 K
#7030000
0!
0'
#7035000
1!
1'
b1 K
1I
1$
#7040000
0!
0'
#7045000
1!
1'
b10 K
#7050000
0!
0'
#7055000
1!
1'
b11 K
#7060000
0!
0'
#7065000
1!
1'
b100 K
#7070000
0!
0'
#7075000
1!
1'
b101 K
#7080000
0!
0'
#7085000
1!
1'
b110 K
#7090000
0!
0'
#7095000
1!
1'
b111 K
#7100000
0!
0'
#7105000
1!
1'
b1000 K
#7110000
0!
0'
#7115000
1!
1'
b1001 K
#7120000
0!
0'
#7125000
1!
1'
b1010 K
#7130000
0!
0'
#7135000
1!
1'
b1011 K
#7140000
0!
0'
#7145000
1!
1'
b1100 K
#7150000
0!
0'
#7155000
1!
1'
b1101 K
#7160000
0!
0'
#7165000
1!
1'
b1110 K
#7170000
0!
0'
#7175000
1!
1'
b1111 K
#7180000
0!
0'
#7185000
1!
1'
b10000 K
#7190000
0!
0'
#7195000
1!
1'
b10001 K
#7200000
0!
0'
#7205000
1!
1'
b10010 K
#7210000
0!
0'
#7215000
1!
1'
b10011 K
#7220000
0!
0'
#7225000
1!
1'
b10100 K
#7230000
0!
0'
#7235000
1!
1'
b10101 K
#7240000
0!
0'
#7245000
1!
1'
b10110 K
#7250000
0!
0'
#7255000
1!
1'
b10111 K
#7260000
0!
0'
#7265000
1!
1'
b11000 K
#7270000
0!
0'
#7275000
1!
1'
b11001 K
#7280000
0!
0'
#7285000
1!
1'
b11010 K
#7290000
0!
0'
#7295000
1!
1'
b11011 K
#7300000
0!
0'
#7305000
1!
1'
b11100 K
#7310000
0!
0'
#7315000
1!
1'
b11101 K
#7320000
0!
0'
#7325000
1!
1'
b11110 K
#7330000
0!
0'
#7335000
1!
1'
b11111 K
#7340000
0!
0'
#7345000
1!
1'
b100000 K
#7350000
0!
0'
#7355000
1!
1'
b100001 K
#7360000
0!
0'
#7365000
1!
1'
b100010 K
#7370000
0!
0'
#7375000
1!
1'
b100011 K
#7380000
0!
0'
#7385000
1!
1'
b100100 K
#7390000
0!
0'
#7395000
1!
1'
b100101 K
#7400000
0!
0'
#7405000
1!
1'
b100110 K
#7410000
0!
0'
#7415000
1!
1'
b100111 K
#7420000
0!
0'
#7425000
1!
1'
b101000 K
#7430000
0!
0'
#7435000
1!
1'
b101001 K
#7440000
0!
0'
#7445000
1!
1'
b101010 K
#7450000
0!
0'
#7455000
1!
1'
b101011 K
#7460000
0!
0'
#7465000
1!
1'
b101100 K
#7470000
0!
0'
#7475000
1!
1'
b101101 K
#7480000
0!
0'
#7485000
1!
1'
b101110 K
#7490000
0!
0'
#7495000
1!
1'
b101111 K
#7500000
0!
0'
#7505000
1!
1'
b110000 K
#7510000
0!
0'
#7515000
1!
1'
b110001 K
#7520000
0!
0'
#7525000
1!
1'
b110010 K
#7530000
0!
0'
#7535000
1!
1'
b110011 K
0I
0$
#7540000
0!
0'
#7545000
1!
1'
b110100 K
#7550000
0!
0'
#7555000
1!
1'
b110101 K
#7560000
0!
0'
#7565000
1!
1'
b110110 K
#7570000
0!
0'
#7575000
1!
1'
b110111 K
#7580000
0!
0'
#7585000
1!
1'
b111000 K
#7590000
0!
0'
#7595000
1!
1'
b111001 K
#7600000
0!
0'
#7605000
1!
1'
b111010 K
#7610000
0!
0'
#7615000
1!
1'
b111011 K
#7620000
0!
0'
#7625000
1!
1'
b111100 K
#7630000
0!
0'
#7635000
1!
1'
b111101 K
#7640000
0!
0'
#7645000
1!
1'
b111110 K
#7650000
0!
0'
#7655000
1!
1'
b111111 K
#7660000
0!
0'
#7665000
1!
1'
b1000000 K
#7670000
0!
0'
#7675000
1!
1'
b1000001 K
#7680000
0!
0'
#7685000
1!
1'
b1000010 K
#7690000
0!
0'
#7695000
1!
1'
b1000011 K
#7700000
0!
0'
#7705000
1!
1'
b1000100 K
#7710000
0!
0'
#7715000
1!
1'
b1000101 K
#7720000
0!
0'
#7725000
1!
1'
b1000110 K
#7730000
0!
0'
#7735000
1!
1'
b1000111 K
#7740000
0!
0'
#7745000
1!
1'
b1001000 K
#7750000
0!
0'
#7755000
1!
1'
b1001001 K
#7760000
0!
0'
#7765000
1!
1'
b1001010 K
#7770000
0!
0'
#7775000
1!
1'
b1001011 K
#7780000
0!
0'
#7785000
1!
1'
b1001100 K
#7790000
0!
0'
#7795000
1!
1'
b1001101 K
#7800000
0!
0'
#7805000
1!
1'
b1001110 K
#7810000
0!
0'
#7815000
1!
1'
b1001111 K
#7820000
0!
0'
#7825000
1!
1'
b1010000 K
#7830000
0!
0'
#7835000
1!
1'
b1010001 K
#7840000
0!
0'
#7845000
1!
1'
b1010010 K
#7850000
0!
0'
#7855000
1!
1'
b1010011 K
#7860000
0!
0'
#7865000
1!
1'
b1010100 K
#7870000
0!
0'
#7875000
1!
1'
b1010101 K
#7880000
0!
0'
#7885000
1!
1'
b1010110 K
#7890000
0!
0'
#7895000
1!
1'
b1010111 K
#7900000
0!
0'
#7905000
1!
1'
b1011000 K
#7910000
0!
0'
#7915000
1!
1'
b1011001 K
#7920000
0!
0'
#7925000
1!
1'
b1011010 K
#7930000
0!
0'
#7935000
1!
1'
b1011011 K
#7940000
0!
0'
#7945000
1!
1'
b1011100 K
#7950000
0!
0'
#7955000
1!
1'
b1011101 K
#7960000
0!
0'
#7965000
1!
1'
b1011110 K
#7970000
0!
0'
#7975000
1!
1'
b1011111 K
#7980000
0!
0'
#7985000
1!
1'
b1100000 K
#7990000
0!
0'
#7995000
1!
1'
b1100001 K
#8000000
0!
0'
#8005000
1!
1'
b1100010 K
#8010000
0!
0'
#8015000
1!
1'
b1100011 K
#8020000
0!
0'
#8025000
1!
1'
b0 K
#8030000
0!
0'
#8035000
1!
1'
b1 K
1I
1$
#8040000
0!
0'
#8045000
1!
1'
b10 K
#8050000
0!
0'
#8055000
1!
1'
b11 K
#8060000
0!
0'
#8065000
1!
1'
b100 K
#8070000
0!
0'
#8075000
1!
1'
b101 K
#8080000
0!
0'
#8085000
1!
1'
b110 K
#8090000
0!
0'
#8095000
1!
1'
b111 K
#8100000
0!
0'
#8105000
1!
1'
b1000 K
#8110000
0!
0'
#8115000
1!
1'
b1001 K
#8120000
0!
0'
#8125000
1!
1'
b1010 K
#8130000
0!
0'
#8135000
1!
1'
b1011 K
#8140000
0!
0'
#8145000
1!
1'
b1100 K
#8150000
0!
0'
#8155000
1!
1'
b1101 K
#8160000
0!
0'
#8165000
1!
1'
b1110 K
#8170000
0!
0'
#8175000
1!
1'
b1111 K
#8180000
0!
0'
#8185000
1!
1'
b10000 K
#8190000
0!
0'
#8195000
1!
1'
b10001 K
#8200000
0!
0'
#8205000
1!
1'
b10010 K
#8210000
0!
0'
#8215000
1!
1'
b10011 K
#8220000
0!
0'
#8225000
1!
1'
b10100 K
#8230000
0!
0'
#8235000
1!
1'
b10101 K
#8240000
0!
0'
#8245000
1!
1'
b10110 K
#8250000
0!
0'
#8255000
1!
1'
b10111 K
#8260000
0!
0'
#8265000
1!
1'
b11000 K
#8270000
0!
0'
#8275000
1!
1'
b11001 K
#8280000
0!
0'
#8285000
1!
1'
b11010 K
#8290000
0!
0'
#8295000
1!
1'
b11011 K
#8300000
0!
0'
#8305000
1!
1'
b11100 K
#8310000
0!
0'
#8315000
1!
1'
b11101 K
#8320000
0!
0'
#8325000
1!
1'
b11110 K
#8330000
0!
0'
#8335000
1!
1'
b11111 K
#8340000
0!
0'
#8345000
1!
1'
b100000 K
#8350000
0!
0'
#8355000
1!
1'
b100001 K
#8360000
0!
0'
#8365000
1!
1'
b100010 K
#8370000
0!
0'
#8375000
1!
1'
b100011 K
#8380000
0!
0'
#8385000
1!
1'
b100100 K
#8390000
0!
0'
#8395000
1!
1'
b100101 K
#8400000
0!
0'
#8405000
1!
1'
b100110 K
#8410000
0!
0'
#8415000
1!
1'
b100111 K
#8420000
0!
0'
#8425000
1!
1'
b101000 K
#8430000
0!
0'
#8435000
1!
1'
b101001 K
#8440000
0!
0'
#8445000
1!
1'
b101010 K
#8450000
0!
0'
#8455000
1!
1'
b101011 K
#8460000
0!
0'
#8465000
1!
1'
b101100 K
#8470000
0!
0'
#8475000
1!
1'
b101101 K
#8480000
0!
0'
#8485000
1!
1'
b101110 K
#8490000
0!
0'
#8495000
1!
1'
b101111 K
#8500000
0!
0'
#8505000
1!
1'
b110000 K
#8510000
0!
0'
#8515000
1!
1'
b110001 K
#8520000
0!
0'
#8525000
1!
1'
b110010 K
#8530000
0!
0'
#8535000
1!
1'
b110011 K
0I
0$
#8540000
0!
0'
#8545000
1!
1'
b110100 K
#8550000
0!
0'
#8555000
1!
1'
b110101 K
#8560000
0!
0'
#8565000
1!
1'
b110110 K
#8570000
0!
0'
#8575000
1!
1'
b110111 K
#8580000
0!
0'
#8585000
1!
1'
b111000 K
#8590000
0!
0'
#8595000
1!
1'
b111001 K
#8600000
0!
0'
#8605000
1!
1'
b111010 K
#8610000
0!
0'
#8615000
1!
1'
b111011 K
#8620000
0!
0'
#8625000
1!
1'
b111100 K
#8630000
0!
0'
#8635000
1!
1'
b111101 K
#8640000
0!
0'
#8645000
1!
1'
b111110 K
#8650000
0!
0'
#8655000
1!
1'
b111111 K
#8660000
0!
0'
#8665000
1!
1'
b1000000 K
#8670000
0!
0'
#8675000
1!
1'
b1000001 K
#8680000
0!
0'
#8685000
1!
1'
b1000010 K
#8690000
0!
0'
#8695000
1!
1'
b1000011 K
#8700000
0!
0'
#8705000
1!
1'
b1000100 K
#8710000
0!
0'
#8715000
1!
1'
b1000101 K
#8720000
0!
0'
#8725000
1!
1'
b1000110 K
#8730000
0!
0'
#8735000
1!
1'
b1000111 K
#8740000
0!
0'
#8745000
1!
1'
b1001000 K
#8750000
0!
0'
#8755000
1!
1'
b1001001 K
#8760000
0!
0'
#8765000
1!
1'
b1001010 K
#8770000
0!
0'
#8775000
1!
1'
b1001011 K
#8780000
0!
0'
#8785000
1!
1'
b1001100 K
#8790000
0!
0'
#8795000
1!
1'
b1001101 K
#8800000
0!
0'
#8805000
1!
1'
b1001110 K
#8810000
0!
0'
#8815000
1!
1'
b1001111 K
#8820000
0!
0'
#8825000
1!
1'
b1010000 K
#8830000
0!
0'
#8835000
1!
1'
b1010001 K
#8840000
0!
0'
#8845000
1!
1'
b1010010 K
#8850000
0!
0'
#8855000
1!
1'
b1010011 K
#8860000
0!
0'
#8865000
1!
1'
b1010100 K
#8870000
0!
0'
#8875000
1!
1'
b1010101 K
#8880000
0!
0'
#8885000
1!
1'
b1010110 K
#8890000
0!
0'
#8895000
1!
1'
b1010111 K
#8900000
0!
0'
#8905000
1!
1'
b1011000 K
#8910000
0!
0'
#8915000
1!
1'
b1011001 K
#8920000
0!
0'
#8925000
1!
1'
b1011010 K
#8930000
0!
0'
#8935000
1!
1'
b1011011 K
#8940000
0!
0'
#8945000
1!
1'
b1011100 K
#8950000
0!
0'
#8955000
1!
1'
b1011101 K
#8960000
0!
0'
#8965000
1!
1'
b1011110 K
#8970000
0!
0'
#8975000
1!
1'
b1011111 K
#8980000
0!
0'
#8985000
1!
1'
b1100000 K
#8990000
0!
0'
#8995000
1!
1'
b1100001 K
#9000000
0!
0'
#9005000
1!
1'
b1100010 K
#9010000
0!
0'
#9015000
1!
1'
b1100011 K
#9020000
0!
0'
#9025000
1!
1'
b0 K
#9030000
0!
0'
#9035000
1!
1'
b1 K
1I
1$
#9040000
0!
0'
#9045000
1!
1'
b10 K
#9050000
0!
0'
#9055000
1!
1'
b11 K
#9060000
0!
0'
#9065000
1!
1'
b100 K
#9070000
0!
0'
#9075000
1!
1'
b101 K
#9080000
0!
0'
#9085000
1!
1'
b110 K
#9090000
0!
0'
#9095000
1!
1'
b111 K
#9100000
0!
0'
#9105000
1!
1'
b1000 K
#9110000
0!
0'
#9115000
1!
1'
b1001 K
#9120000
0!
0'
#9125000
1!
1'
b1010 K
#9130000
0!
0'
#9135000
1!
1'
b1011 K
#9140000
0!
0'
#9145000
1!
1'
b1100 K
#9150000
0!
0'
#9155000
1!
1'
b1101 K
#9160000
0!
0'
#9165000
1!
1'
b1110 K
#9170000
0!
0'
#9175000
1!
1'
b1111 K
#9180000
0!
0'
#9185000
1!
1'
b10000 K
#9190000
0!
0'
#9195000
1!
1'
b10001 K
#9200000
0!
0'
#9205000
1!
1'
b10010 K
#9210000
0!
0'
#9215000
1!
1'
b10011 K
#9220000
0!
0'
#9225000
1!
1'
b10100 K
#9230000
0!
0'
#9235000
1!
1'
b10101 K
#9240000
0!
0'
#9245000
1!
1'
b10110 K
#9250000
0!
0'
#9255000
1!
1'
b10111 K
#9260000
0!
0'
#9265000
1!
1'
b11000 K
#9270000
0!
0'
#9275000
1!
1'
b11001 K
#9280000
0!
0'
#9285000
1!
1'
b11010 K
#9290000
0!
0'
#9295000
1!
1'
b11011 K
#9300000
0!
0'
#9305000
1!
1'
b11100 K
#9310000
0!
0'
#9315000
1!
1'
b11101 K
#9320000
0!
0'
#9325000
1!
1'
b11110 K
#9330000
0!
0'
#9335000
1!
1'
b11111 K
#9340000
0!
0'
#9345000
1!
1'
b100000 K
#9350000
0!
0'
#9355000
1!
1'
b100001 K
#9360000
0!
0'
#9365000
1!
1'
b100010 K
#9370000
0!
0'
#9375000
1!
1'
b100011 K
#9380000
0!
0'
#9385000
1!
1'
b100100 K
#9390000
0!
0'
#9395000
1!
1'
b100101 K
#9400000
0!
0'
#9405000
1!
1'
b100110 K
#9410000
0!
0'
#9415000
1!
1'
b100111 K
#9420000
0!
0'
#9425000
1!
1'
b101000 K
#9430000
0!
0'
#9435000
1!
1'
b101001 K
#9440000
0!
0'
#9445000
1!
1'
b101010 K
#9450000
0!
0'
#9455000
1!
1'
b101011 K
#9460000
0!
0'
#9465000
1!
1'
b101100 K
#9470000
0!
0'
#9475000
1!
1'
b101101 K
#9480000
0!
0'
#9485000
1!
1'
b101110 K
#9490000
0!
0'
#9495000
1!
1'
b101111 K
#9500000
0!
0'
#9505000
1!
1'
b110000 K
#9510000
0!
0'
#9515000
1!
1'
b110001 K
#9520000
0!
0'
#9525000
1!
1'
b110010 K
#9530000
0!
0'
#9535000
1!
1'
b110011 K
0I
0$
#9540000
0!
0'
#9545000
1!
1'
b110100 K
#9550000
0!
0'
#9555000
1!
1'
b110101 K
#9560000
0!
0'
#9565000
1!
1'
b110110 K
#9570000
0!
0'
#9575000
1!
1'
b110111 K
#9580000
0!
0'
#9585000
1!
1'
b111000 K
#9590000
0!
0'
#9595000
1!
1'
b111001 K
#9600000
0!
0'
#9605000
1!
1'
b111010 K
#9610000
0!
0'
#9615000
1!
1'
b111011 K
#9620000
0!
0'
#9625000
1!
1'
b111100 K
#9630000
0!
0'
#9635000
1!
1'
b111101 K
#9640000
0!
0'
#9645000
1!
1'
b111110 K
#9650000
0!
0'
#9655000
1!
1'
b111111 K
#9660000
0!
0'
#9665000
1!
1'
b1000000 K
#9670000
0!
0'
#9675000
1!
1'
b1000001 K
#9680000
0!
0'
#9685000
1!
1'
b1000010 K
#9690000
0!
0'
#9695000
1!
1'
b1000011 K
#9700000
0!
0'
#9705000
1!
1'
b1000100 K
#9710000
0!
0'
#9715000
1!
1'
b1000101 K
#9720000
0!
0'
#9725000
1!
1'
b1000110 K
#9730000
0!
0'
#9735000
1!
1'
b1000111 K
#9740000
0!
0'
#9745000
1!
1'
b1001000 K
#9750000
0!
0'
#9755000
1!
1'
b1001001 K
#9760000
0!
0'
#9765000
1!
1'
b1001010 K
#9770000
0!
0'
#9775000
1!
1'
b1001011 K
#9780000
0!
0'
#9785000
1!
1'
b1001100 K
#9790000
0!
0'
#9795000
1!
1'
b1001101 K
#9800000
0!
0'
#9805000
1!
1'
b1001110 K
#9810000
0!
0'
#9815000
1!
1'
b1001111 K
#9820000
0!
0'
#9825000
1!
1'
b1010000 K
#9830000
0!
0'
#9835000
1!
1'
b1010001 K
#9840000
0!
0'
#9845000
1!
1'
b1010010 K
#9850000
0!
0'
#9855000
1!
1'
b1010011 K
#9860000
0!
0'
#9865000
1!
1'
b1010100 K
#9870000
0!
0'
#9875000
1!
1'
b1010101 K
#9880000
0!
0'
#9885000
1!
1'
b1010110 K
#9890000
0!
0'
#9895000
1!
1'
b1010111 K
#9900000
0!
0'
#9905000
1!
1'
b1011000 K
#9910000
0!
0'
#9915000
1!
1'
b1011001 K
#9920000
0!
0'
#9925000
1!
1'
b1011010 K
#9930000
0!
0'
#9935000
1!
1'
b1011011 K
#9940000
0!
0'
#9945000
1!
1'
b1011100 K
#9950000
0!
0'
#9955000
1!
1'
b1011101 K
#9960000
0!
0'
#9965000
1!
1'
b1011110 K
#9970000
0!
0'
#9975000
1!
1'
b1011111 K
#9980000
0!
0'
#9985000
1!
1'
b1100000 K
#9990000
0!
0'
#9995000
1!
1'
b1100001 K
#10000000
0!
0'
#10005000
1!
1'
b1100010 K
#10010000
0!
0'
#10015000
1!
1'
b1100011 K
#10020000
0!
0'
#10025000
1!
1'
b0 K
#10030000
b1011010 #
0!
1E
0C
1B
0'
#10035000
1!
1'
b1 K
1I
1$
#10040000
0!
0'
#10045000
1!
1'
b10 K
#10050000
0!
0'
#10055000
1!
1'
b11 K
#10060000
0!
0'
#10065000
1!
1'
b100 K
#10070000
0!
0'
#10075000
1!
1'
b101 K
#10080000
0!
0'
#10085000
1!
1'
b110 K
#10090000
0!
0'
#10095000
1!
1'
b111 K
#10100000
0!
0'
#10105000
1!
1'
b1000 K
#10110000
0!
0'
#10115000
1!
1'
b1001 K
#10120000
0!
0'
#10125000
1!
1'
b1010 K
#10130000
0!
0'
#10135000
1!
1'
b1011 K
#10140000
0!
0'
#10145000
1!
1'
b1100 K
#10150000
0!
0'
#10155000
1!
1'
b1101 K
#10160000
0!
0'
#10165000
1!
1'
b1110 K
#10170000
0!
0'
#10175000
1!
1'
b1111 K
#10180000
0!
0'
#10185000
1!
1'
b10000 K
#10190000
0!
0'
#10195000
1!
1'
b10001 K
#10200000
0!
0'
#10205000
1!
1'
b10010 K
#10210000
0!
0'
#10215000
1!
1'
b10011 K
#10220000
0!
0'
#10225000
1!
1'
b10100 K
#10230000
0!
0'
#10235000
1!
1'
b10101 K
#10240000
0!
0'
#10245000
1!
1'
b10110 K
#10250000
0!
0'
#10255000
1!
1'
b10111 K
#10260000
0!
0'
#10265000
1!
1'
b11000 K
#10270000
0!
0'
#10275000
1!
1'
b11001 K
#10280000
0!
0'
#10285000
1!
1'
b11010 K
#10290000
0!
0'
#10295000
1!
1'
b11011 K
#10300000
0!
0'
#10305000
1!
1'
b11100 K
#10310000
0!
0'
#10315000
1!
1'
b11101 K
#10320000
0!
0'
#10325000
1!
1'
b11110 K
#10330000
0!
0'
#10335000
1!
1'
b11111 K
#10340000
0!
0'
#10345000
1!
1'
b100000 K
#10350000
0!
0'
#10355000
1!
1'
b100001 K
#10360000
0!
0'
#10365000
1!
1'
b100010 K
#10370000
0!
0'
#10375000
1!
1'
b100011 K
#10380000
0!
0'
#10385000
1!
1'
b100100 K
#10390000
0!
0'
#10395000
1!
1'
b100101 K
#10400000
0!
0'
#10405000
1!
1'
b100110 K
#10410000
0!
0'
#10415000
1!
1'
b100111 K
#10420000
0!
0'
#10425000
1!
1'
b101000 K
#10430000
0!
0'
#10435000
1!
1'
b101001 K
#10440000
0!
0'
#10445000
1!
1'
b101010 K
#10450000
0!
0'
#10455000
1!
1'
b101011 K
#10460000
0!
0'
#10465000
1!
1'
b101100 K
#10470000
0!
0'
#10475000
1!
1'
b101101 K
#10480000
0!
0'
#10485000
1!
1'
b101110 K
#10490000
0!
0'
#10495000
1!
1'
b101111 K
#10500000
0!
0'
#10505000
1!
1'
b110000 K
#10510000
0!
0'
#10515000
1!
1'
b110001 K
#10520000
0!
0'
#10525000
1!
1'
b110010 K
#10530000
0!
0'
#10535000
1!
1'
b110011 K
0I
0$
#10540000
0!
0'
#10545000
1!
1'
b110100 K
#10550000
0!
0'
#10555000
1!
1'
b110101 K
#10560000
0!
0'
#10565000
1!
1'
b110110 K
#10570000
0!
0'
#10575000
1!
1'
b110111 K
#10580000
0!
0'
#10585000
1!
1'
b111000 K
#10590000
0!
0'
#10595000
1!
1'
b111001 K
#10600000
0!
0'
#10605000
1!
1'
b111010 K
#10610000
0!
0'
#10615000
1!
1'
b111011 K
#10620000
0!
0'
#10625000
1!
1'
b111100 K
#10630000
0!
0'
#10635000
1!
1'
b111101 K
#10640000
0!
0'
#10645000
1!
1'
b111110 K
#10650000
0!
0'
#10655000
1!
1'
b111111 K
#10660000
0!
0'
#10665000
1!
1'
b1000000 K
#10670000
0!
0'
#10675000
1!
1'
b1000001 K
#10680000
0!
0'
#10685000
1!
1'
b1000010 K
#10690000
0!
0'
#10695000
1!
1'
b1000011 K
#10700000
0!
0'
#10705000
1!
1'
b1000100 K
#10710000
0!
0'
#10715000
1!
1'
b1000101 K
#10720000
0!
0'
#10725000
1!
1'
b1000110 K
#10730000
0!
0'
#10735000
1!
1'
b1000111 K
#10740000
0!
0'
#10745000
1!
1'
b1001000 K
#10750000
0!
0'
#10755000
1!
1'
b1001001 K
#10760000
0!
0'
#10765000
1!
1'
b1001010 K
#10770000
0!
0'
#10775000
1!
1'
b1001011 K
#10780000
0!
0'
#10785000
1!
1'
b1001100 K
#10790000
0!
0'
#10795000
1!
1'
b1001101 K
#10800000
0!
0'
#10805000
1!
1'
b1001110 K
#10810000
0!
0'
#10815000
1!
1'
b1001111 K
#10820000
0!
0'
#10825000
1!
1'
b1010000 K
#10830000
0!
0'
#10835000
1!
1'
b1010001 K
#10840000
0!
0'
#10845000
1!
1'
b1010010 K
#10850000
0!
0'
#10855000
1!
1'
b1010011 K
#10860000
0!
0'
#10865000
1!
1'
b1010100 K
#10870000
0!
0'
#10875000
1!
1'
b1010101 K
#10880000
0!
0'
#10885000
1!
1'
b1010110 K
#10890000
0!
0'
#10895000
1!
1'
b1010111 K
#10900000
0!
0'
#10905000
1!
1'
b1011000 K
#10910000
0!
0'
#10915000
1!
1'
b1011001 K
#10920000
0!
0'
#10925000
1!
1'
b1011010 K
#10930000
0!
0'
#10935000
1!
1'
b1011011 K
#10940000
0!
0'
#10945000
1!
1'
b1011100 K
#10950000
0!
0'
#10955000
1!
1'
b1011101 K
#10960000
0!
0'
#10965000
1!
1'
b1011110 K
#10970000
0!
0'
#10975000
1!
1'
b1011111 K
#10980000
0!
0'
#10985000
1!
1'
b1100000 K
#10990000
0!
0'
#10995000
1!
1'
b1100001 K
#11000000
0!
0'
#11005000
1!
1'
b1100010 K
#11010000
0!
0'
#11015000
1!
1'
b1100011 K
#11020000
0!
0'
#11025000
1!
1'
b1011010 L
b0 K
#11030000
0!
0'
#11035000
1!
1'
b1 K
1I
1$
#11040000
0!
0'
#11045000
1!
1'
b10 K
#11050000
0!
0'
#11055000
1!
1'
b11 K
#11060000
0!
0'
#11065000
1!
1'
b100 K
#11070000
0!
0'
#11075000
1!
1'
b101 K
#11080000
0!
0'
#11085000
1!
1'
b110 K
#11090000
0!
0'
#11095000
1!
1'
b111 K
#11100000
0!
0'
#11105000
1!
1'
b1000 K
#11110000
0!
0'
#11115000
1!
1'
b1001 K
#11120000
0!
0'
#11125000
1!
1'
b1010 K
#11130000
0!
0'
#11135000
1!
1'
b1011 K
#11140000
0!
0'
#11145000
1!
1'
b1100 K
#11150000
0!
0'
#11155000
1!
1'
b1101 K
#11160000
0!
0'
#11165000
1!
1'
b1110 K
#11170000
0!
0'
#11175000
1!
1'
b1111 K
#11180000
0!
0'
#11185000
1!
1'
b10000 K
#11190000
0!
0'
#11195000
1!
1'
b10001 K
#11200000
0!
0'
#11205000
1!
1'
b10010 K
#11210000
0!
0'
#11215000
1!
1'
b10011 K
#11220000
0!
0'
#11225000
1!
1'
b10100 K
#11230000
0!
0'
#11235000
1!
1'
b10101 K
#11240000
0!
0'
#11245000
1!
1'
b10110 K
#11250000
0!
0'
#11255000
1!
1'
b10111 K
#11260000
0!
0'
#11265000
1!
1'
b11000 K
#11270000
0!
0'
#11275000
1!
1'
b11001 K
#11280000
0!
0'
#11285000
1!
1'
b11010 K
#11290000
0!
0'
#11295000
1!
1'
b11011 K
#11300000
0!
0'
#11305000
1!
1'
b11100 K
#11310000
0!
0'
#11315000
1!
1'
b11101 K
#11320000
0!
0'
#11325000
1!
1'
b11110 K
#11330000
0!
0'
#11335000
1!
1'
b11111 K
#11340000
0!
0'
#11345000
1!
1'
b100000 K
#11350000
0!
0'
#11355000
1!
1'
b100001 K
#11360000
0!
0'
#11365000
1!
1'
b100010 K
#11370000
0!
0'
#11375000
1!
1'
b100011 K
#11380000
0!
0'
#11385000
1!
1'
b100100 K
#11390000
0!
0'
#11395000
1!
1'
b100101 K
#11400000
0!
0'
#11405000
1!
1'
b100110 K
#11410000
0!
0'
#11415000
1!
1'
b100111 K
#11420000
0!
0'
#11425000
1!
1'
b101000 K
#11430000
0!
0'
#11435000
1!
1'
b101001 K
#11440000
0!
0'
#11445000
1!
1'
b101010 K
#11450000
0!
0'
#11455000
1!
1'
b101011 K
#11460000
0!
0'
#11465000
1!
1'
b101100 K
#11470000
0!
0'
#11475000
1!
1'
b101101 K
#11480000
0!
0'
#11485000
1!
1'
b101110 K
#11490000
0!
0'
#11495000
1!
1'
b101111 K
#11500000
0!
0'
#11505000
1!
1'
b110000 K
#11510000
0!
0'
#11515000
1!
1'
b110001 K
#11520000
0!
0'
#11525000
1!
1'
b110010 K
#11530000
0!
0'
#11535000
1!
1'
b110011 K
#11540000
0!
0'
#11545000
1!
1'
b110100 K
#11550000
0!
0'
#11555000
1!
1'
b110101 K
#11560000
0!
0'
#11565000
1!
1'
b110110 K
#11570000
0!
0'
#11575000
1!
1'
b110111 K
#11580000
0!
0'
#11585000
1!
1'
b111000 K
#11590000
0!
0'
#11595000
1!
1'
b111001 K
#11600000
0!
0'
#11605000
1!
1'
b111010 K
#11610000
0!
0'
#11615000
1!
1'
b111011 K
#11620000
0!
0'
#11625000
1!
1'
b111100 K
#11630000
0!
0'
#11635000
1!
1'
b111101 K
#11640000
0!
0'
#11645000
1!
1'
b111110 K
#11650000
0!
0'
#11655000
1!
1'
b111111 K
#11660000
0!
0'
#11665000
1!
1'
b1000000 K
#11670000
0!
0'
#11675000
1!
1'
b1000001 K
#11680000
0!
0'
#11685000
1!
1'
b1000010 K
#11690000
0!
0'
#11695000
1!
1'
b1000011 K
#11700000
0!
0'
#11705000
1!
1'
b1000100 K
#11710000
0!
0'
#11715000
1!
1'
b1000101 K
#11720000
0!
0'
#11725000
1!
1'
b1000110 K
#11730000
0!
0'
#11735000
1!
1'
b1000111 K
#11740000
0!
0'
#11745000
1!
1'
b1001000 K
#11750000
0!
0'
#11755000
1!
1'
b1001001 K
#11760000
0!
0'
#11765000
1!
1'
b1001010 K
#11770000
0!
0'
#11775000
1!
1'
b1001011 K
#11780000
0!
0'
#11785000
1!
1'
b1001100 K
#11790000
0!
0'
#11795000
1!
1'
b1001101 K
#11800000
0!
0'
#11805000
1!
1'
b1001110 K
#11810000
0!
0'
#11815000
1!
1'
b1001111 K
#11820000
0!
0'
#11825000
1!
1'
b1010000 K
#11830000
0!
0'
#11835000
1!
1'
b1010001 K
#11840000
0!
0'
#11845000
1!
1'
b1010010 K
#11850000
0!
0'
#11855000
1!
1'
b1010011 K
#11860000
0!
0'
#11865000
1!
1'
b1010100 K
#11870000
0!
0'
#11875000
1!
1'
b1010101 K
#11880000
0!
0'
#11885000
1!
1'
b1010110 K
#11890000
0!
0'
#11895000
1!
1'
b1010111 K
#11900000
0!
0'
#11905000
1!
1'
b1011000 K
#11910000
0!
0'
#11915000
1!
1'
b1011001 K
#11920000
0!
0'
#11925000
1!
1'
b1011010 K
#11930000
0!
0'
#11935000
1!
1'
b1011011 K
0I
0$
#11940000
0!
0'
#11945000
1!
1'
b1011100 K
#11950000
0!
0'
#11955000
1!
1'
b1011101 K
#11960000
0!
0'
#11965000
1!
1'
b1011110 K
#11970000
0!
0'
#11975000
1!
1'
b1011111 K
#11980000
0!
0'
#11985000
1!
1'
b1100000 K
#11990000
0!
0'
#11995000
1!
1'
b1100001 K
#12000000
0!
0'
#12005000
1!
1'
b1100010 K
#12010000
0!
0'
#12015000
1!
1'
b1100011 K
#12020000
0!
0'
#12025000
1!
1'
b0 K
#12030000
0!
0'
#12035000
1!
1'
b1 K
1I
1$
#12040000
0!
0'
#12045000
1!
1'
b10 K
#12050000
0!
0'
#12055000
1!
1'
b11 K
#12060000
0!
0'
#12065000
1!
1'
b100 K
#12070000
0!
0'
#12075000
1!
1'
b101 K
#12080000
0!
0'
#12085000
1!
1'
b110 K
#12090000
0!
0'
#12095000
1!
1'
b111 K
#12100000
0!
0'
#12105000
1!
1'
b1000 K
#12110000
0!
0'
#12115000
1!
1'
b1001 K
#12120000
0!
0'
#12125000
1!
1'
b1010 K
#12130000
0!
0'
#12135000
1!
1'
b1011 K
#12140000
0!
0'
#12145000
1!
1'
b1100 K
#12150000
0!
0'
#12155000
1!
1'
b1101 K
#12160000
0!
0'
#12165000
1!
1'
b1110 K
#12170000
0!
0'
#12175000
1!
1'
b1111 K
#12180000
0!
0'
#12185000
1!
1'
b10000 K
#12190000
0!
0'
#12195000
1!
1'
b10001 K
#12200000
0!
0'
#12205000
1!
1'
b10010 K
#12210000
0!
0'
#12215000
1!
1'
b10011 K
#12220000
0!
0'
#12225000
1!
1'
b10100 K
#12230000
0!
0'
#12235000
1!
1'
b10101 K
#12240000
0!
0'
#12245000
1!
1'
b10110 K
#12250000
0!
0'
#12255000
1!
1'
b10111 K
#12260000
0!
0'
#12265000
1!
1'
b11000 K
#12270000
0!
0'
#12275000
1!
1'
b11001 K
#12280000
0!
0'
#12285000
1!
1'
b11010 K
#12290000
0!
0'
#12295000
1!
1'
b11011 K
#12300000
0!
0'
#12305000
1!
1'
b11100 K
#12310000
0!
0'
#12315000
1!
1'
b11101 K
#12320000
0!
0'
#12325000
1!
1'
b11110 K
#12330000
0!
0'
#12335000
1!
1'
b11111 K
#12340000
0!
0'
#12345000
1!
1'
b100000 K
#12350000
0!
0'
#12355000
1!
1'
b100001 K
#12360000
0!
0'
#12365000
1!
1'
b100010 K
#12370000
0!
0'
#12375000
1!
1'
b100011 K
#12380000
0!
0'
#12385000
1!
1'
b100100 K
#12390000
0!
0'
#12395000
1!
1'
b100101 K
#12400000
0!
0'
#12405000
1!
1'
b100110 K
#12410000
0!
0'
#12415000
1!
1'
b100111 K
#12420000
0!
0'
#12425000
1!
1'
b101000 K
#12430000
0!
0'
#12435000
1!
1'
b101001 K
#12440000
0!
0'
#12445000
1!
1'
b101010 K
#12450000
0!
0'
#12455000
1!
1'
b101011 K
#12460000
0!
0'
#12465000
1!
1'
b101100 K
#12470000
0!
0'
#12475000
1!
1'
b101101 K
#12480000
0!
0'
#12485000
1!
1'
b101110 K
#12490000
0!
0'
#12495000
1!
1'
b101111 K
#12500000
0!
0'
#12505000
1!
1'
b110000 K
#12510000
0!
0'
#12515000
1!
1'
b110001 K
#12520000
0!
0'
#12525000
1!
1'
b110010 K
#12530000
0!
0'
#12535000
1!
1'
b110011 K
#12540000
0!
0'
#12545000
1!
1'
b110100 K
#12550000
0!
0'
#12555000
1!
1'
b110101 K
#12560000
0!
0'
#12565000
1!
1'
b110110 K
#12570000
0!
0'
#12575000
1!
1'
b110111 K
#12580000
0!
0'
#12585000
1!
1'
b111000 K
#12590000
0!
0'
#12595000
1!
1'
b111001 K
#12600000
0!
0'
#12605000
1!
1'
b111010 K
#12610000
0!
0'
#12615000
1!
1'
b111011 K
#12620000
0!
0'
#12625000
1!
1'
b111100 K
#12630000
0!
0'
#12635000
1!
1'
b111101 K
#12640000
0!
0'
#12645000
1!
1'
b111110 K
#12650000
0!
0'
#12655000
1!
1'
b111111 K
#12660000
0!
0'
#12665000
1!
1'
b1000000 K
#12670000
0!
0'
#12675000
1!
1'
b1000001 K
#12680000
0!
0'
#12685000
1!
1'
b1000010 K
#12690000
0!
0'
#12695000
1!
1'
b1000011 K
#12700000
0!
0'
#12705000
1!
1'
b1000100 K
#12710000
0!
0'
#12715000
1!
1'
b1000101 K
#12720000
0!
0'
#12725000
1!
1'
b1000110 K
#12730000
0!
0'
#12735000
1!
1'
b1000111 K
#12740000
0!
0'
#12745000
1!
1'
b1001000 K
#12750000
0!
0'
#12755000
1!
1'
b1001001 K
#12760000
0!
0'
#12765000
1!
1'
b1001010 K
#12770000
0!
0'
#12775000
1!
1'
b1001011 K
#12780000
0!
0'
#12785000
1!
1'
b1001100 K
#12790000
0!
0'
#12795000
1!
1'
b1001101 K
#12800000
0!
0'
#12805000
1!
1'
b1001110 K
#12810000
0!
0'
#12815000
1!
1'
b1001111 K
#12820000
0!
0'
#12825000
1!
1'
b1010000 K
#12830000
0!
0'
#12835000
1!
1'
b1010001 K
#12840000
0!
0'
#12845000
1!
1'
b1010010 K
#12850000
0!
0'
#12855000
1!
1'
b1010011 K
#12860000
0!
0'
#12865000
1!
1'
b1010100 K
#12870000
0!
0'
#12875000
1!
1'
b1010101 K
#12880000
0!
0'
#12885000
1!
1'
b1010110 K
#12890000
0!
0'
#12895000
1!
1'
b1010111 K
#12900000
0!
0'
#12905000
1!
1'
b1011000 K
#12910000
0!
0'
#12915000
1!
1'
b1011001 K
#12920000
0!
0'
#12925000
1!
1'
b1011010 K
#12930000
0!
0'
#12935000
1!
1'
b1011011 K
0I
0$
#12940000
0!
0'
#12945000
1!
1'
b1011100 K
#12950000
0!
0'
#12955000
1!
1'
b1011101 K
#12960000
0!
0'
#12965000
1!
1'
b1011110 K
#12970000
0!
0'
#12975000
1!
1'
b1011111 K
#12980000
0!
0'
#12985000
1!
1'
b1100000 K
#12990000
0!
0'
#12995000
1!
1'
b1100001 K
#13000000
0!
0'
#13005000
1!
1'
b1100010 K
#13010000
0!
0'
#13015000
1!
1'
b1100011 K
#13020000
0!
0'
#13025000
1!
1'
b0 K
#13030000
0!
0'
#13035000
1!
1'
b1 K
1I
1$
#13040000
0!
0'
#13045000
1!
1'
b10 K
#13050000
0!
0'
#13055000
1!
1'
b11 K
#13060000
0!
0'
#13065000
1!
1'
b100 K
#13070000
0!
0'
#13075000
1!
1'
b101 K
#13080000
0!
0'
#13085000
1!
1'
b110 K
#13090000
0!
0'
#13095000
1!
1'
b111 K
#13100000
0!
0'
#13105000
1!
1'
b1000 K
#13110000
0!
0'
#13115000
1!
1'
b1001 K
#13120000
0!
0'
#13125000
1!
1'
b1010 K
#13130000
0!
0'
#13135000
1!
1'
b1011 K
#13140000
0!
0'
#13145000
1!
1'
b1100 K
#13150000
0!
0'
#13155000
1!
1'
b1101 K
#13160000
0!
0'
#13165000
1!
1'
b1110 K
#13170000
0!
0'
#13175000
1!
1'
b1111 K
#13180000
0!
0'
#13185000
1!
1'
b10000 K
#13190000
0!
0'
#13195000
1!
1'
b10001 K
#13200000
0!
0'
#13205000
1!
1'
b10010 K
#13210000
0!
0'
#13215000
1!
1'
b10011 K
#13220000
0!
0'
#13225000
1!
1'
b10100 K
#13230000
0!
0'
#13235000
1!
1'
b10101 K
#13240000
0!
0'
#13245000
1!
1'
b10110 K
#13250000
0!
0'
#13255000
1!
1'
b10111 K
#13260000
0!
0'
#13265000
1!
1'
b11000 K
#13270000
0!
0'
#13275000
1!
1'
b11001 K
#13280000
0!
0'
#13285000
1!
1'
b11010 K
#13290000
0!
0'
#13295000
1!
1'
b11011 K
#13300000
0!
0'
#13305000
1!
1'
b11100 K
#13310000
0!
0'
#13315000
1!
1'
b11101 K
#13320000
0!
0'
#13325000
1!
1'
b11110 K
#13330000
0!
0'
#13335000
1!
1'
b11111 K
#13340000
0!
0'
#13345000
1!
1'
b100000 K
#13350000
0!
0'
#13355000
1!
1'
b100001 K
#13360000
0!
0'
#13365000
1!
1'
b100010 K
#13370000
0!
0'
#13375000
1!
1'
b100011 K
#13380000
0!
0'
#13385000
1!
1'
b100100 K
#13390000
0!
0'
#13395000
1!
1'
b100101 K
#13400000
0!
0'
#13405000
1!
1'
b100110 K
#13410000
0!
0'
#13415000
1!
1'
b100111 K
#13420000
0!
0'
#13425000
1!
1'
b101000 K
#13430000
0!
0'
#13435000
1!
1'
b101001 K
#13440000
0!
0'
#13445000
1!
1'
b101010 K
#13450000
0!
0'
#13455000
1!
1'
b101011 K
#13460000
0!
0'
#13465000
1!
1'
b101100 K
#13470000
0!
0'
#13475000
1!
1'
b101101 K
#13480000
0!
0'
#13485000
1!
1'
b101110 K
#13490000
0!
0'
#13495000
1!
1'
b101111 K
#13500000
0!
0'
#13505000
1!
1'
b110000 K
#13510000
0!
0'
#13515000
1!
1'
b110001 K
#13520000
0!
0'
#13525000
1!
1'
b110010 K
#13530000
0!
0'
#13535000
1!
1'
b110011 K
#13540000
0!
0'
#13545000
1!
1'
b110100 K
#13550000
0!
0'
#13555000
1!
1'
b110101 K
#13560000
0!
0'
#13565000
1!
1'
b110110 K
#13570000
0!
0'
#13575000
1!
1'
b110111 K
#13580000
0!
0'
#13585000
1!
1'
b111000 K
#13590000
0!
0'
#13595000
1!
1'
b111001 K
#13600000
0!
0'
#13605000
1!
1'
b111010 K
#13610000
0!
0'
#13615000
1!
1'
b111011 K
#13620000
0!
0'
#13625000
1!
1'
b111100 K
#13630000
0!
0'
#13635000
1!
1'
b111101 K
#13640000
0!
0'
#13645000
1!
1'
b111110 K
#13650000
0!
0'
#13655000
1!
1'
b111111 K
#13660000
0!
0'
#13665000
1!
1'
b1000000 K
#13670000
0!
0'
#13675000
1!
1'
b1000001 K
#13680000
0!
0'
#13685000
1!
1'
b1000010 K
#13690000
0!
0'
#13695000
1!
1'
b1000011 K
#13700000
0!
0'
#13705000
1!
1'
b1000100 K
#13710000
0!
0'
#13715000
1!
1'
b1000101 K
#13720000
0!
0'
#13725000
1!
1'
b1000110 K
#13730000
0!
0'
#13735000
1!
1'
b1000111 K
#13740000
0!
0'
#13745000
1!
1'
b1001000 K
#13750000
0!
0'
#13755000
1!
1'
b1001001 K
#13760000
0!
0'
#13765000
1!
1'
b1001010 K
#13770000
0!
0'
#13775000
1!
1'
b1001011 K
#13780000
0!
0'
#13785000
1!
1'
b1001100 K
#13790000
0!
0'
#13795000
1!
1'
b1001101 K
#13800000
0!
0'
#13805000
1!
1'
b1001110 K
#13810000
0!
0'
#13815000
1!
1'
b1001111 K
#13820000
0!
0'
#13825000
1!
1'
b1010000 K
#13830000
0!
0'
#13835000
1!
1'
b1010001 K
#13840000
0!
0'
#13845000
1!
1'
b1010010 K
#13850000
0!
0'
#13855000
1!
1'
b1010011 K
#13860000
0!
0'
#13865000
1!
1'
b1010100 K
#13870000
0!
0'
#13875000
1!
1'
b1010101 K
#13880000
0!
0'
#13885000
1!
1'
b1010110 K
#13890000
0!
0'
#13895000
1!
1'
b1010111 K
#13900000
0!
0'
#13905000
1!
1'
b1011000 K
#13910000
0!
0'
#13915000
1!
1'
b1011001 K
#13920000
0!
0'
#13925000
1!
1'
b1011010 K
#13930000
0!
0'
#13935000
1!
1'
b1011011 K
0I
0$
#13940000
0!
0'
#13945000
1!
1'
b1011100 K
#13950000
0!
0'
#13955000
1!
1'
b1011101 K
#13960000
0!
0'
#13965000
1!
1'
b1011110 K
#13970000
0!
0'
#13975000
1!
1'
b1011111 K
#13980000
0!
0'
#13985000
1!
1'
b1100000 K
#13990000
0!
0'
#13995000
1!
1'
b1100001 K
#14000000
0!
0'
#14005000
1!
1'
b1100010 K
#14010000
0!
0'
#14015000
1!
1'
b1100011 K
#14020000
0!
0'
#14025000
1!
1'
b0 K
#14030000
0!
0'
#14035000
1!
1'
b1 K
1I
1$
#14040000
0!
0'
#14045000
1!
1'
b10 K
#14050000
0!
0'
#14055000
1!
1'
b11 K
#14060000
0!
0'
#14065000
1!
1'
b100 K
#14070000
0!
0'
#14075000
1!
1'
b101 K
#14080000
0!
0'
#14085000
1!
1'
b110 K
#14090000
0!
0'
#14095000
1!
1'
b111 K
#14100000
0!
0'
#14105000
1!
1'
b1000 K
#14110000
0!
0'
#14115000
1!
1'
b1001 K
#14120000
0!
0'
#14125000
1!
1'
b1010 K
#14130000
0!
0'
#14135000
1!
1'
b1011 K
#14140000
0!
0'
#14145000
1!
1'
b1100 K
#14150000
0!
0'
#14155000
1!
1'
b1101 K
#14160000
0!
0'
#14165000
1!
1'
b1110 K
#14170000
0!
0'
#14175000
1!
1'
b1111 K
#14180000
0!
0'
#14185000
1!
1'
b10000 K
#14190000
0!
0'
#14195000
1!
1'
b10001 K
#14200000
0!
0'
#14205000
1!
1'
b10010 K
#14210000
0!
0'
#14215000
1!
1'
b10011 K
#14220000
0!
0'
#14225000
1!
1'
b10100 K
#14230000
0!
0'
#14235000
1!
1'
b10101 K
#14240000
0!
0'
#14245000
1!
1'
b10110 K
#14250000
0!
0'
#14255000
1!
1'
b10111 K
#14260000
0!
0'
#14265000
1!
1'
b11000 K
#14270000
0!
0'
#14275000
1!
1'
b11001 K
#14280000
0!
0'
#14285000
1!
1'
b11010 K
#14290000
0!
0'
#14295000
1!
1'
b11011 K
#14300000
0!
0'
#14305000
1!
1'
b11100 K
#14310000
0!
0'
#14315000
1!
1'
b11101 K
#14320000
0!
0'
#14325000
1!
1'
b11110 K
#14330000
0!
0'
#14335000
1!
1'
b11111 K
#14340000
0!
0'
#14345000
1!
1'
b100000 K
#14350000
0!
0'
#14355000
1!
1'
b100001 K
#14360000
0!
0'
#14365000
1!
1'
b100010 K
#14370000
0!
0'
#14375000
1!
1'
b100011 K
#14380000
0!
0'
#14385000
1!
1'
b100100 K
#14390000
0!
0'
#14395000
1!
1'
b100101 K
#14400000
0!
0'
#14405000
1!
1'
b100110 K
#14410000
0!
0'
#14415000
1!
1'
b100111 K
#14420000
0!
0'
#14425000
1!
1'
b101000 K
#14430000
0!
0'
#14435000
1!
1'
b101001 K
#14440000
0!
0'
#14445000
1!
1'
b101010 K
#14450000
0!
0'
#14455000
1!
1'
b101011 K
#14460000
0!
0'
#14465000
1!
1'
b101100 K
#14470000
0!
0'
#14475000
1!
1'
b101101 K
#14480000
0!
0'
#14485000
1!
1'
b101110 K
#14490000
0!
0'
#14495000
1!
1'
b101111 K
#14500000
0!
0'
#14505000
1!
1'
b110000 K
#14510000
0!
0'
#14515000
1!
1'
b110001 K
#14520000
0!
0'
#14525000
1!
1'
b110010 K
#14530000
0!
0'
#14535000
1!
1'
b110011 K
#14540000
0!
0'
#14545000
1!
1'
b110100 K
#14550000
0!
0'
#14555000
1!
1'
b110101 K
#14560000
0!
0'
#14565000
1!
1'
b110110 K
#14570000
0!
0'
#14575000
1!
1'
b110111 K
#14580000
0!
0'
#14585000
1!
1'
b111000 K
#14590000
0!
0'
#14595000
1!
1'
b111001 K
#14600000
0!
0'
#14605000
1!
1'
b111010 K
#14610000
0!
0'
#14615000
1!
1'
b111011 K
#14620000
0!
0'
#14625000
1!
1'
b111100 K
#14630000
0!
0'
#14635000
1!
1'
b111101 K
#14640000
0!
0'
#14645000
1!
1'
b111110 K
#14650000
0!
0'
#14655000
1!
1'
b111111 K
#14660000
0!
0'
#14665000
1!
1'
b1000000 K
#14670000
0!
0'
#14675000
1!
1'
b1000001 K
#14680000
0!
0'
#14685000
1!
1'
b1000010 K
#14690000
0!
0'
#14695000
1!
1'
b1000011 K
#14700000
0!
0'
#14705000
1!
1'
b1000100 K
#14710000
0!
0'
#14715000
1!
1'
b1000101 K
#14720000
0!
0'
#14725000
1!
1'
b1000110 K
#14730000
0!
0'
#14735000
1!
1'
b1000111 K
#14740000
0!
0'
#14745000
1!
1'
b1001000 K
#14750000
0!
0'
#14755000
1!
1'
b1001001 K
#14760000
0!
0'
#14765000
1!
1'
b1001010 K
#14770000
0!
0'
#14775000
1!
1'
b1001011 K
#14780000
0!
0'
#14785000
1!
1'
b1001100 K
#14790000
0!
0'
#14795000
1!
1'
b1001101 K
#14800000
0!
0'
#14805000
1!
1'
b1001110 K
#14810000
0!
0'
#14815000
1!
1'
b1001111 K
#14820000
0!
0'
#14825000
1!
1'
b1010000 K
#14830000
0!
0'
#14835000
1!
1'
b1010001 K
#14840000
0!
0'
#14845000
1!
1'
b1010010 K
#14850000
0!
0'
#14855000
1!
1'
b1010011 K
#14860000
0!
0'
#14865000
1!
1'
b1010100 K
#14870000
0!
0'
#14875000
1!
1'
b1010101 K
#14880000
0!
0'
#14885000
1!
1'
b1010110 K
#14890000
0!
0'
#14895000
1!
1'
b1010111 K
#14900000
0!
0'
#14905000
1!
1'
b1011000 K
#14910000
0!
0'
#14915000
1!
1'
b1011001 K
#14920000
0!
0'
#14925000
1!
1'
b1011010 K
#14930000
0!
0'
#14935000
1!
1'
b1011011 K
0I
0$
#14940000
0!
0'
#14945000
1!
1'
b1011100 K
#14950000
0!
0'
#14955000
1!
1'
b1011101 K
#14960000
0!
0'
#14965000
1!
1'
b1011110 K
#14970000
0!
0'
#14975000
1!
1'
b1011111 K
#14980000
0!
0'
#14985000
1!
1'
b1100000 K
#14990000
0!
0'
#14995000
1!
1'
b1100001 K
#15000000
0!
0'
#15005000
1!
1'
b1100010 K
#15010000
0!
0'
#15015000
1!
1'
b1100011 K
#15020000
0!
0'
#15025000
1!
1'
b0 K
#15030000
0!
0'
#15035000
1!
1'
b1 K
1I
1$
#15040000
0!
0'
#15045000
1!
1'
b10 K
#15050000
0!
0'
#15055000
1!
1'
b11 K
#15060000
0!
0'
#15065000
1!
1'
b100 K
#15070000
0!
0'
#15075000
1!
1'
b101 K
#15080000
0!
0'
#15085000
1!
1'
b110 K
#15090000
0!
0'
#15095000
1!
1'
b111 K
#15100000
0!
0'
#15105000
1!
1'
b1000 K
#15110000
0!
0'
#15115000
1!
1'
b1001 K
#15120000
0!
0'
#15125000
1!
1'
b1010 K
#15130000
0!
0'
#15135000
1!
1'
b1011 K
#15140000
0!
0'
#15145000
1!
1'
b1100 K
#15150000
0!
0'
#15155000
1!
1'
b1101 K
#15160000
0!
0'
#15165000
1!
1'
b1110 K
#15170000
0!
0'
#15175000
1!
1'
b1111 K
#15180000
0!
0'
#15185000
1!
1'
b10000 K
#15190000
0!
0'
#15195000
1!
1'
b10001 K
#15200000
0!
0'
#15205000
1!
1'
b10010 K
#15210000
0!
0'
#15215000
1!
1'
b10011 K
#15220000
0!
0'
#15225000
1!
1'
b10100 K
#15230000
0!
0'
#15235000
1!
1'
b10101 K
#15240000
0!
0'
#15245000
1!
1'
b10110 K
#15250000
0!
0'
#15255000
1!
1'
b10111 K
#15260000
0!
0'
#15265000
1!
1'
b11000 K
#15270000
0!
0'
#15275000
1!
1'
b11001 K
#15280000
0!
0'
#15285000
1!
1'
b11010 K
#15290000
0!
0'
#15295000
1!
1'
b11011 K
#15300000
0!
0'
#15305000
1!
1'
b11100 K
#15310000
0!
0'
#15315000
1!
1'
b11101 K
#15320000
0!
0'
#15325000
1!
1'
b11110 K
#15330000
0!
0'
#15335000
1!
1'
b11111 K
#15340000
0!
0'
#15345000
1!
1'
b100000 K
#15350000
0!
0'
#15355000
1!
1'
b100001 K
#15360000
0!
0'
#15365000
1!
1'
b100010 K
#15370000
0!
0'
#15375000
1!
1'
b100011 K
#15380000
0!
0'
#15385000
1!
1'
b100100 K
#15390000
0!
0'
#15395000
1!
1'
b100101 K
#15400000
0!
0'
#15405000
1!
1'
b100110 K
#15410000
0!
0'
#15415000
1!
1'
b100111 K
#15420000
0!
0'
#15425000
1!
1'
b101000 K
#15430000
0!
0'
#15435000
1!
1'
b101001 K
#15440000
0!
0'
#15445000
1!
1'
b101010 K
#15450000
0!
0'
#15455000
1!
1'
b101011 K
#15460000
0!
0'
#15465000
1!
1'
b101100 K
#15470000
0!
0'
#15475000
1!
1'
b101101 K
#15480000
0!
0'
#15485000
1!
1'
b101110 K
#15490000
0!
0'
#15495000
1!
1'
b101111 K
#15500000
0!
0'
#15505000
1!
1'
b110000 K
#15510000
0!
0'
#15515000
1!
1'
b110001 K
#15520000
0!
0'
#15525000
1!
1'
b110010 K
#15530000
0!
0'
#15535000
1!
1'
b110011 K
#15540000
0!
0'
#15545000
1!
1'
b110100 K
#15550000
0!
0'
#15555000
1!
1'
b110101 K
#15560000
0!
0'
#15565000
1!
1'
b110110 K
#15570000
0!
0'
#15575000
1!
1'
b110111 K
#15580000
0!
0'
#15585000
1!
1'
b111000 K
#15590000
0!
0'
#15595000
1!
1'
b111001 K
#15600000
0!
0'
#15605000
1!
1'
b111010 K
#15610000
0!
0'
#15615000
1!
1'
b111011 K
#15620000
0!
0'
#15625000
1!
1'
b111100 K
#15630000
0!
0'
#15635000
1!
1'
b111101 K
#15640000
0!
0'
#15645000
1!
1'
b111110 K
#15650000
0!
0'
#15655000
1!
1'
b111111 K
#15660000
0!
0'
#15665000
1!
1'
b1000000 K
#15670000
0!
0'
#15675000
1!
1'
b1000001 K
#15680000
0!
0'
#15685000
1!
1'
b1000010 K
#15690000
0!
0'
#15695000
1!
1'
b1000011 K
#15700000
0!
0'
#15705000
1!
1'
b1000100 K
#15710000
0!
0'
#15715000
1!
1'
b1000101 K
#15720000
0!
0'
#15725000
1!
1'
b1000110 K
#15730000
0!
0'
#15735000
1!
1'
b1000111 K
#15740000
0!
0'
#15745000
1!
1'
b1001000 K
#15750000
0!
0'
#15755000
1!
1'
b1001001 K
#15760000
0!
0'
#15765000
1!
1'
b1001010 K
#15770000
0!
0'
#15775000
1!
1'
b1001011 K
#15780000
0!
0'
#15785000
1!
1'
b1001100 K
#15790000
0!
0'
#15795000
1!
1'
b1001101 K
#15800000
0!
0'
#15805000
1!
1'
b1001110 K
#15810000
0!
0'
#15815000
1!
1'
b1001111 K
#15820000
0!
0'
#15825000
1!
1'
b1010000 K
#15830000
0!
0'
#15835000
1!
1'
b1010001 K
#15840000
0!
0'
#15845000
1!
1'
b1010010 K
#15850000
0!
0'
#15855000
1!
1'
b1010011 K
#15860000
0!
0'
#15865000
1!
1'
b1010100 K
#15870000
0!
0'
#15875000
1!
1'
b1010101 K
#15880000
0!
0'
#15885000
1!
1'
b1010110 K
#15890000
0!
0'
#15895000
1!
1'
b1010111 K
#15900000
0!
0'
#15905000
1!
1'
b1011000 K
#15910000
0!
0'
#15915000
1!
1'
b1011001 K
#15920000
0!
0'
#15925000
1!
1'
b1011010 K
#15930000
0!
0'
#15935000
1!
1'
b1011011 K
0I
0$
#15940000
0!
0'
#15945000
1!
1'
b1011100 K
#15950000
0!
0'
#15955000
1!
1'
b1011101 K
#15960000
0!
0'
#15965000
1!
1'
b1011110 K
#15970000
0!
0'
#15975000
1!
1'
b1011111 K
#15980000
0!
0'
#15985000
1!
1'
b1100000 K
#15990000
0!
0'
#15995000
1!
1'
b1100001 K
#16000000
0!
0'
#16005000
1!
1'
b1100010 K
#16010000
0!
0'
#16015000
1!
1'
b1100011 K
#16020000
0!
0'
#16025000
1!
1'
b0 K
#16030000
0!
0'
#16035000
1!
1'
b1 K
1I
1$
#16040000
0!
0'
#16045000
1!
1'
b10 K
#16050000
0!
0'
#16055000
1!
1'
b11 K
#16060000
0!
0'
#16065000
1!
1'
b100 K
#16070000
0!
0'
#16075000
1!
1'
b101 K
#16080000
0!
0'
#16085000
1!
1'
b110 K
#16090000
0!
0'
#16095000
1!
1'
b111 K
#16100000
0!
0'
#16105000
1!
1'
b1000 K
#16110000
0!
0'
#16115000
1!
1'
b1001 K
#16120000
0!
0'
#16125000
1!
1'
b1010 K
#16130000
0!
0'
#16135000
1!
1'
b1011 K
#16140000
0!
0'
#16145000
1!
1'
b1100 K
#16150000
0!
0'
#16155000
1!
1'
b1101 K
#16160000
0!
0'
#16165000
1!
1'
b1110 K
#16170000
0!
0'
#16175000
1!
1'
b1111 K
#16180000
0!
0'
#16185000
1!
1'
b10000 K
#16190000
0!
0'
#16195000
1!
1'
b10001 K
#16200000
0!
0'
#16205000
1!
1'
b10010 K
#16210000
0!
0'
#16215000
1!
1'
b10011 K
#16220000
0!
0'
#16225000
1!
1'
b10100 K
#16230000
0!
0'
#16235000
1!
1'
b10101 K
#16240000
0!
0'
#16245000
1!
1'
b10110 K
#16250000
0!
0'
#16255000
1!
1'
b10111 K
#16260000
0!
0'
#16265000
1!
1'
b11000 K
#16270000
0!
0'
#16275000
1!
1'
b11001 K
#16280000
0!
0'
#16285000
1!
1'
b11010 K
#16290000
0!
0'
#16295000
1!
1'
b11011 K
#16300000
0!
0'
#16305000
1!
1'
b11100 K
#16310000
0!
0'
#16315000
1!
1'
b11101 K
#16320000
0!
0'
#16325000
1!
1'
b11110 K
#16330000
0!
0'
#16335000
1!
1'
b11111 K
#16340000
0!
0'
#16345000
1!
1'
b100000 K
#16350000
0!
0'
#16355000
1!
1'
b100001 K
#16360000
0!
0'
#16365000
1!
1'
b100010 K
#16370000
0!
0'
#16375000
1!
1'
b100011 K
#16380000
0!
0'
#16385000
1!
1'
b100100 K
#16390000
0!
0'
#16395000
1!
1'
b100101 K
#16400000
0!
0'
#16405000
1!
1'
b100110 K
#16410000
0!
0'
#16415000
1!
1'
b100111 K
#16420000
0!
0'
#16425000
1!
1'
b101000 K
#16430000
0!
0'
#16435000
1!
1'
b101001 K
#16440000
0!
0'
#16445000
1!
1'
b101010 K
#16450000
0!
0'
#16455000
1!
1'
b101011 K
#16460000
0!
0'
#16465000
1!
1'
b101100 K
#16470000
0!
0'
#16475000
1!
1'
b101101 K
#16480000
0!
0'
#16485000
1!
1'
b101110 K
#16490000
0!
0'
#16495000
1!
1'
b101111 K
#16500000
0!
0'
#16505000
1!
1'
b110000 K
#16510000
0!
0'
#16515000
1!
1'
b110001 K
#16520000
0!
0'
#16525000
1!
1'
b110010 K
#16530000
0!
0'
#16535000
1!
1'
b110011 K
#16540000
0!
0'
#16545000
1!
1'
b110100 K
#16550000
0!
0'
#16555000
1!
1'
b110101 K
#16560000
0!
0'
#16565000
1!
1'
b110110 K
#16570000
0!
0'
#16575000
1!
1'
b110111 K
#16580000
0!
0'
#16585000
1!
1'
b111000 K
#16590000
0!
0'
#16595000
1!
1'
b111001 K
#16600000
0!
0'
#16605000
1!
1'
b111010 K
#16610000
0!
0'
#16615000
1!
1'
b111011 K
#16620000
0!
0'
#16625000
1!
1'
b111100 K
#16630000
0!
0'
#16635000
1!
1'
b111101 K
#16640000
0!
0'
#16645000
1!
1'
b111110 K
#16650000
0!
0'
#16655000
1!
1'
b111111 K
#16660000
0!
0'
#16665000
1!
1'
b1000000 K
#16670000
0!
0'
#16675000
1!
1'
b1000001 K
#16680000
0!
0'
#16685000
1!
1'
b1000010 K
#16690000
0!
0'
#16695000
1!
1'
b1000011 K
#16700000
0!
0'
#16705000
1!
1'
b1000100 K
#16710000
0!
0'
#16715000
1!
1'
b1000101 K
#16720000
0!
0'
#16725000
1!
1'
b1000110 K
#16730000
0!
0'
#16735000
1!
1'
b1000111 K
#16740000
0!
0'
#16745000
1!
1'
b1001000 K
#16750000
0!
0'
#16755000
1!
1'
b1001001 K
#16760000
0!
0'
#16765000
1!
1'
b1001010 K
#16770000
0!
0'
#16775000
1!
1'
b1001011 K
#16780000
0!
0'
#16785000
1!
1'
b1001100 K
#16790000
0!
0'
#16795000
1!
1'
b1001101 K
#16800000
0!
0'
#16805000
1!
1'
b1001110 K
#16810000
0!
0'
#16815000
1!
1'
b1001111 K
#16820000
0!
0'
#16825000
1!
1'
b1010000 K
#16830000
0!
0'
#16835000
1!
1'
b1010001 K
#16840000
0!
0'
#16845000
1!
1'
b1010010 K
#16850000
0!
0'
#16855000
1!
1'
b1010011 K
#16860000
0!
0'
#16865000
1!
1'
b1010100 K
#16870000
0!
0'
#16875000
1!
1'
b1010101 K
#16880000
0!
0'
#16885000
1!
1'
b1010110 K
#16890000
0!
0'
#16895000
1!
1'
b1010111 K
#16900000
0!
0'
#16905000
1!
1'
b1011000 K
#16910000
0!
0'
#16915000
1!
1'
b1011001 K
#16920000
0!
0'
#16925000
1!
1'
b1011010 K
#16930000
0!
0'
#16935000
1!
1'
b1011011 K
0I
0$
#16940000
0!
0'
#16945000
1!
1'
b1011100 K
#16950000
0!
0'
#16955000
1!
1'
b1011101 K
#16960000
0!
0'
#16965000
1!
1'
b1011110 K
#16970000
0!
0'
#16975000
1!
1'
b1011111 K
#16980000
0!
0'
#16985000
1!
1'
b1100000 K
#16990000
0!
0'
#16995000
1!
1'
b1100001 K
#17000000
0!
0'
#17005000
1!
1'
b1100010 K
#17010000
0!
0'
#17015000
1!
1'
b1100011 K
#17020000
0!
0'
#17025000
1!
1'
b0 K
#17030000
0!
0'
#17035000
1!
1'
b1 K
1I
1$
#17040000
0!
0'
#17045000
1!
1'
b10 K
#17050000
0!
0'
#17055000
1!
1'
b11 K
#17060000
0!
0'
#17065000
1!
1'
b100 K
#17070000
0!
0'
#17075000
1!
1'
b101 K
#17080000
0!
0'
#17085000
1!
1'
b110 K
#17090000
0!
0'
#17095000
1!
1'
b111 K
#17100000
0!
0'
#17105000
1!
1'
b1000 K
#17110000
0!
0'
#17115000
1!
1'
b1001 K
#17120000
0!
0'
#17125000
1!
1'
b1010 K
#17130000
0!
0'
#17135000
1!
1'
b1011 K
#17140000
0!
0'
#17145000
1!
1'
b1100 K
#17150000
0!
0'
#17155000
1!
1'
b1101 K
#17160000
0!
0'
#17165000
1!
1'
b1110 K
#17170000
0!
0'
#17175000
1!
1'
b1111 K
#17180000
0!
0'
#17185000
1!
1'
b10000 K
#17190000
0!
0'
#17195000
1!
1'
b10001 K
#17200000
0!
0'
#17205000
1!
1'
b10010 K
#17210000
0!
0'
#17215000
1!
1'
b10011 K
#17220000
0!
0'
#17225000
1!
1'
b10100 K
#17230000
0!
0'
#17235000
1!
1'
b10101 K
#17240000
0!
0'
#17245000
1!
1'
b10110 K
#17250000
0!
0'
#17255000
1!
1'
b10111 K
#17260000
0!
0'
#17265000
1!
1'
b11000 K
#17270000
0!
0'
#17275000
1!
1'
b11001 K
#17280000
0!
0'
#17285000
1!
1'
b11010 K
#17290000
0!
0'
#17295000
1!
1'
b11011 K
#17300000
0!
0'
#17305000
1!
1'
b11100 K
#17310000
0!
0'
#17315000
1!
1'
b11101 K
#17320000
0!
0'
#17325000
1!
1'
b11110 K
#17330000
0!
0'
#17335000
1!
1'
b11111 K
#17340000
0!
0'
#17345000
1!
1'
b100000 K
#17350000
0!
0'
#17355000
1!
1'
b100001 K
#17360000
0!
0'
#17365000
1!
1'
b100010 K
#17370000
0!
0'
#17375000
1!
1'
b100011 K
#17380000
0!
0'
#17385000
1!
1'
b100100 K
#17390000
0!
0'
#17395000
1!
1'
b100101 K
#17400000
0!
0'
#17405000
1!
1'
b100110 K
#17410000
0!
0'
#17415000
1!
1'
b100111 K
#17420000
0!
0'
#17425000
1!
1'
b101000 K
#17430000
0!
0'
#17435000
1!
1'
b101001 K
#17440000
0!
0'
#17445000
1!
1'
b101010 K
#17450000
0!
0'
#17455000
1!
1'
b101011 K
#17460000
0!
0'
#17465000
1!
1'
b101100 K
#17470000
0!
0'
#17475000
1!
1'
b101101 K
#17480000
0!
0'
#17485000
1!
1'
b101110 K
#17490000
0!
0'
#17495000
1!
1'
b101111 K
#17500000
0!
0'
#17505000
1!
1'
b110000 K
#17510000
0!
0'
#17515000
1!
1'
b110001 K
#17520000
0!
0'
#17525000
1!
1'
b110010 K
#17530000
0!
0'
#17535000
1!
1'
b110011 K
#17540000
0!
0'
#17545000
1!
1'
b110100 K
#17550000
0!
0'
#17555000
1!
1'
b110101 K
#17560000
0!
0'
#17565000
1!
1'
b110110 K
#17570000
0!
0'
#17575000
1!
1'
b110111 K
#17580000
0!
0'
#17585000
1!
1'
b111000 K
#17590000
0!
0'
#17595000
1!
1'
b111001 K
#17600000
0!
0'
#17605000
1!
1'
b111010 K
#17610000
0!
0'
#17615000
1!
1'
b111011 K
#17620000
0!
0'
#17625000
1!
1'
b111100 K
#17630000
0!
0'
#17635000
1!
1'
b111101 K
#17640000
0!
0'
#17645000
1!
1'
b111110 K
#17650000
0!
0'
#17655000
1!
1'
b111111 K
#17660000
0!
0'
#17665000
1!
1'
b1000000 K
#17670000
0!
0'
#17675000
1!
1'
b1000001 K
#17680000
0!
0'
#17685000
1!
1'
b1000010 K
#17690000
0!
0'
#17695000
1!
1'
b1000011 K
#17700000
0!
0'
#17705000
1!
1'
b1000100 K
#17710000
0!
0'
#17715000
1!
1'
b1000101 K
#17720000
0!
0'
#17725000
1!
1'
b1000110 K
#17730000
0!
0'
#17735000
1!
1'
b1000111 K
#17740000
0!
0'
#17745000
1!
1'
b1001000 K
#17750000
0!
0'
#17755000
1!
1'
b1001001 K
#17760000
0!
0'
#17765000
1!
1'
b1001010 K
#17770000
0!
0'
#17775000
1!
1'
b1001011 K
#17780000
0!
0'
#17785000
1!
1'
b1001100 K
#17790000
0!
0'
#17795000
1!
1'
b1001101 K
#17800000
0!
0'
#17805000
1!
1'
b1001110 K
#17810000
0!
0'
#17815000
1!
1'
b1001111 K
#17820000
0!
0'
#17825000
1!
1'
b1010000 K
#17830000
0!
0'
#17835000
1!
1'
b1010001 K
#17840000
0!
0'
#17845000
1!
1'
b1010010 K
#17850000
0!
0'
#17855000
1!
1'
b1010011 K
#17860000
0!
0'
#17865000
1!
1'
b1010100 K
#17870000
0!
0'
#17875000
1!
1'
b1010101 K
#17880000
0!
0'
#17885000
1!
1'
b1010110 K
#17890000
0!
0'
#17895000
1!
1'
b1010111 K
#17900000
0!
0'
#17905000
1!
1'
b1011000 K
#17910000
0!
0'
#17915000
1!
1'
b1011001 K
#17920000
0!
0'
#17925000
1!
1'
b1011010 K
#17930000
0!
0'
#17935000
1!
1'
b1011011 K
0I
0$
#17940000
0!
0'
#17945000
1!
1'
b1011100 K
#17950000
0!
0'
#17955000
1!
1'
b1011101 K
#17960000
0!
0'
#17965000
1!
1'
b1011110 K
#17970000
0!
0'
#17975000
1!
1'
b1011111 K
#17980000
0!
0'
#17985000
1!
1'
b1100000 K
#17990000
0!
0'
#17995000
1!
1'
b1100001 K
#18000000
0!
0'
#18005000
1!
1'
b1100010 K
#18010000
0!
0'
#18015000
1!
1'
b1100011 K
#18020000
0!
0'
#18025000
1!
1'
b0 K
#18030000
0!
0'
#18035000
1!
1'
b1 K
1I
1$
#18040000
0!
0'
#18045000
1!
1'
b10 K
#18050000
0!
0'
#18055000
1!
1'
b11 K
#18060000
0!
0'
#18065000
1!
1'
b100 K
#18070000
0!
0'
#18075000
1!
1'
b101 K
#18080000
0!
0'
#18085000
1!
1'
b110 K
#18090000
0!
0'
#18095000
1!
1'
b111 K
#18100000
0!
0'
#18105000
1!
1'
b1000 K
#18110000
0!
0'
#18115000
1!
1'
b1001 K
#18120000
0!
0'
#18125000
1!
1'
b1010 K
#18130000
0!
0'
#18135000
1!
1'
b1011 K
#18140000
0!
0'
#18145000
1!
1'
b1100 K
#18150000
0!
0'
#18155000
1!
1'
b1101 K
#18160000
0!
0'
#18165000
1!
1'
b1110 K
#18170000
0!
0'
#18175000
1!
1'
b1111 K
#18180000
0!
0'
#18185000
1!
1'
b10000 K
#18190000
0!
0'
#18195000
1!
1'
b10001 K
#18200000
0!
0'
#18205000
1!
1'
b10010 K
#18210000
0!
0'
#18215000
1!
1'
b10011 K
#18220000
0!
0'
#18225000
1!
1'
b10100 K
#18230000
0!
0'
#18235000
1!
1'
b10101 K
#18240000
0!
0'
#18245000
1!
1'
b10110 K
#18250000
0!
0'
#18255000
1!
1'
b10111 K
#18260000
0!
0'
#18265000
1!
1'
b11000 K
#18270000
0!
0'
#18275000
1!
1'
b11001 K
#18280000
0!
0'
#18285000
1!
1'
b11010 K
#18290000
0!
0'
#18295000
1!
1'
b11011 K
#18300000
0!
0'
#18305000
1!
1'
b11100 K
#18310000
0!
0'
#18315000
1!
1'
b11101 K
#18320000
0!
0'
#18325000
1!
1'
b11110 K
#18330000
0!
0'
#18335000
1!
1'
b11111 K
#18340000
0!
0'
#18345000
1!
1'
b100000 K
#18350000
0!
0'
#18355000
1!
1'
b100001 K
#18360000
0!
0'
#18365000
1!
1'
b100010 K
#18370000
0!
0'
#18375000
1!
1'
b100011 K
#18380000
0!
0'
#18385000
1!
1'
b100100 K
#18390000
0!
0'
#18395000
1!
1'
b100101 K
#18400000
0!
0'
#18405000
1!
1'
b100110 K
#18410000
0!
0'
#18415000
1!
1'
b100111 K
#18420000
0!
0'
#18425000
1!
1'
b101000 K
#18430000
0!
0'
#18435000
1!
1'
b101001 K
#18440000
0!
0'
#18445000
1!
1'
b101010 K
#18450000
0!
0'
#18455000
1!
1'
b101011 K
#18460000
0!
0'
#18465000
1!
1'
b101100 K
#18470000
0!
0'
#18475000
1!
1'
b101101 K
#18480000
0!
0'
#18485000
1!
1'
b101110 K
#18490000
0!
0'
#18495000
1!
1'
b101111 K
#18500000
0!
0'
#18505000
1!
1'
b110000 K
#18510000
0!
0'
#18515000
1!
1'
b110001 K
#18520000
0!
0'
#18525000
1!
1'
b110010 K
#18530000
0!
0'
#18535000
1!
1'
b110011 K
#18540000
0!
0'
#18545000
1!
1'
b110100 K
#18550000
0!
0'
#18555000
1!
1'
b110101 K
#18560000
0!
0'
#18565000
1!
1'
b110110 K
#18570000
0!
0'
#18575000
1!
1'
b110111 K
#18580000
0!
0'
#18585000
1!
1'
b111000 K
#18590000
0!
0'
#18595000
1!
1'
b111001 K
#18600000
0!
0'
#18605000
1!
1'
b111010 K
#18610000
0!
0'
#18615000
1!
1'
b111011 K
#18620000
0!
0'
#18625000
1!
1'
b111100 K
#18630000
0!
0'
#18635000
1!
1'
b111101 K
#18640000
0!
0'
#18645000
1!
1'
b111110 K
#18650000
0!
0'
#18655000
1!
1'
b111111 K
#18660000
0!
0'
#18665000
1!
1'
b1000000 K
#18670000
0!
0'
#18675000
1!
1'
b1000001 K
#18680000
0!
0'
#18685000
1!
1'
b1000010 K
#18690000
0!
0'
#18695000
1!
1'
b1000011 K
#18700000
0!
0'
#18705000
1!
1'
b1000100 K
#18710000
0!
0'
#18715000
1!
1'
b1000101 K
#18720000
0!
0'
#18725000
1!
1'
b1000110 K
#18730000
0!
0'
#18735000
1!
1'
b1000111 K
#18740000
0!
0'
#18745000
1!
1'
b1001000 K
#18750000
0!
0'
#18755000
1!
1'
b1001001 K
#18760000
0!
0'
#18765000
1!
1'
b1001010 K
#18770000
0!
0'
#18775000
1!
1'
b1001011 K
#18780000
0!
0'
#18785000
1!
1'
b1001100 K
#18790000
0!
0'
#18795000
1!
1'
b1001101 K
#18800000
0!
0'
#18805000
1!
1'
b1001110 K
#18810000
0!
0'
#18815000
1!
1'
b1001111 K
#18820000
0!
0'
#18825000
1!
1'
b1010000 K
#18830000
0!
0'
#18835000
1!
1'
b1010001 K
#18840000
0!
0'
#18845000
1!
1'
b1010010 K
#18850000
0!
0'
#18855000
1!
1'
b1010011 K
#18860000
0!
0'
#18865000
1!
1'
b1010100 K
#18870000
0!
0'
#18875000
1!
1'
b1010101 K
#18880000
0!
0'
#18885000
1!
1'
b1010110 K
#18890000
0!
0'
#18895000
1!
1'
b1010111 K
#18900000
0!
0'
#18905000
1!
1'
b1011000 K
#18910000
0!
0'
#18915000
1!
1'
b1011001 K
#18920000
0!
0'
#18925000
1!
1'
b1011010 K
#18930000
0!
0'
#18935000
1!
1'
b1011011 K
0I
0$
#18940000
0!
0'
#18945000
1!
1'
b1011100 K
#18950000
0!
0'
#18955000
1!
1'
b1011101 K
#18960000
0!
0'
#18965000
1!
1'
b1011110 K
#18970000
0!
0'
#18975000
1!
1'
b1011111 K
#18980000
0!
0'
#18985000
1!
1'
b1100000 K
#18990000
0!
0'
#18995000
1!
1'
b1100001 K
#19000000
0!
0'
#19005000
1!
1'
b1100010 K
#19010000
0!
0'
#19015000
1!
1'
b1100011 K
#19020000
0!
0'
#19025000
1!
1'
b0 K
#19030000
0!
0'
#19035000
1!
1'
b1 K
1I
1$
#19040000
0!
0'
#19045000
1!
1'
b10 K
#19050000
0!
0'
#19055000
1!
1'
b11 K
#19060000
0!
0'
#19065000
1!
1'
b100 K
#19070000
0!
0'
#19075000
1!
1'
b101 K
#19080000
0!
0'
#19085000
1!
1'
b110 K
#19090000
0!
0'
#19095000
1!
1'
b111 K
#19100000
0!
0'
#19105000
1!
1'
b1000 K
#19110000
0!
0'
#19115000
1!
1'
b1001 K
#19120000
0!
0'
#19125000
1!
1'
b1010 K
#19130000
0!
0'
#19135000
1!
1'
b1011 K
#19140000
0!
0'
#19145000
1!
1'
b1100 K
#19150000
0!
0'
#19155000
1!
1'
b1101 K
#19160000
0!
0'
#19165000
1!
1'
b1110 K
#19170000
0!
0'
#19175000
1!
1'
b1111 K
#19180000
0!
0'
#19185000
1!
1'
b10000 K
#19190000
0!
0'
#19195000
1!
1'
b10001 K
#19200000
0!
0'
#19205000
1!
1'
b10010 K
#19210000
0!
0'
#19215000
1!
1'
b10011 K
#19220000
0!
0'
#19225000
1!
1'
b10100 K
#19230000
0!
0'
#19235000
1!
1'
b10101 K
#19240000
0!
0'
#19245000
1!
1'
b10110 K
#19250000
0!
0'
#19255000
1!
1'
b10111 K
#19260000
0!
0'
#19265000
1!
1'
b11000 K
#19270000
0!
0'
#19275000
1!
1'
b11001 K
#19280000
0!
0'
#19285000
1!
1'
b11010 K
#19290000
0!
0'
#19295000
1!
1'
b11011 K
#19300000
0!
0'
#19305000
1!
1'
b11100 K
#19310000
0!
0'
#19315000
1!
1'
b11101 K
#19320000
0!
0'
#19325000
1!
1'
b11110 K
#19330000
0!
0'
#19335000
1!
1'
b11111 K
#19340000
0!
0'
#19345000
1!
1'
b100000 K
#19350000
0!
0'
#19355000
1!
1'
b100001 K
#19360000
0!
0'
#19365000
1!
1'
b100010 K
#19370000
0!
0'
#19375000
1!
1'
b100011 K
#19380000
0!
0'
#19385000
1!
1'
b100100 K
#19390000
0!
0'
#19395000
1!
1'
b100101 K
#19400000
0!
0'
#19405000
1!
1'
b100110 K
#19410000
0!
0'
#19415000
1!
1'
b100111 K
#19420000
0!
0'
#19425000
1!
1'
b101000 K
#19430000
0!
0'
#19435000
1!
1'
b101001 K
#19440000
0!
0'
#19445000
1!
1'
b101010 K
#19450000
0!
0'
#19455000
1!
1'
b101011 K
#19460000
0!
0'
#19465000
1!
1'
b101100 K
#19470000
0!
0'
#19475000
1!
1'
b101101 K
#19480000
0!
0'
#19485000
1!
1'
b101110 K
#19490000
0!
0'
#19495000
1!
1'
b101111 K
#19500000
0!
0'
#19505000
1!
1'
b110000 K
#19510000
0!
0'
#19515000
1!
1'
b110001 K
#19520000
0!
0'
#19525000
1!
1'
b110010 K
#19530000
0!
0'
#19535000
1!
1'
b110011 K
#19540000
0!
0'
#19545000
1!
1'
b110100 K
#19550000
0!
0'
#19555000
1!
1'
b110101 K
#19560000
0!
0'
#19565000
1!
1'
b110110 K
#19570000
0!
0'
#19575000
1!
1'
b110111 K
#19580000
0!
0'
#19585000
1!
1'
b111000 K
#19590000
0!
0'
#19595000
1!
1'
b111001 K
#19600000
0!
0'
#19605000
1!
1'
b111010 K
#19610000
0!
0'
#19615000
1!
1'
b111011 K
#19620000
0!
0'
#19625000
1!
1'
b111100 K
#19630000
0!
0'
#19635000
1!
1'
b111101 K
#19640000
0!
0'
#19645000
1!
1'
b111110 K
#19650000
0!
0'
#19655000
1!
1'
b111111 K
#19660000
0!
0'
#19665000
1!
1'
b1000000 K
#19670000
0!
0'
#19675000
1!
1'
b1000001 K
#19680000
0!
0'
#19685000
1!
1'
b1000010 K
#19690000
0!
0'
#19695000
1!
1'
b1000011 K
#19700000
0!
0'
#19705000
1!
1'
b1000100 K
#19710000
0!
0'
#19715000
1!
1'
b1000101 K
#19720000
0!
0'
#19725000
1!
1'
b1000110 K
#19730000
0!
0'
#19735000
1!
1'
b1000111 K
#19740000
0!
0'
#19745000
1!
1'
b1001000 K
#19750000
0!
0'
#19755000
1!
1'
b1001001 K
#19760000
0!
0'
#19765000
1!
1'
b1001010 K
#19770000
0!
0'
#19775000
1!
1'
b1001011 K
#19780000
0!
0'
#19785000
1!
1'
b1001100 K
#19790000
0!
0'
#19795000
1!
1'
b1001101 K
#19800000
0!
0'
#19805000
1!
1'
b1001110 K
#19810000
0!
0'
#19815000
1!
1'
b1001111 K
#19820000
0!
0'
#19825000
1!
1'
b1010000 K
#19830000
0!
0'
#19835000
1!
1'
b1010001 K
#19840000
0!
0'
#19845000
1!
1'
b1010010 K
#19850000
0!
0'
#19855000
1!
1'
b1010011 K
#19860000
0!
0'
#19865000
1!
1'
b1010100 K
#19870000
0!
0'
#19875000
1!
1'
b1010101 K
#19880000
0!
0'
#19885000
1!
1'
b1010110 K
#19890000
0!
0'
#19895000
1!
1'
b1010111 K
#19900000
0!
0'
#19905000
1!
1'
b1011000 K
#19910000
0!
0'
#19915000
1!
1'
b1011001 K
#19920000
0!
0'
#19925000
1!
1'
b1011010 K
#19930000
0!
0'
#19935000
1!
1'
b1011011 K
0I
0$
#19940000
0!
0'
#19945000
1!
1'
b1011100 K
#19950000
0!
0'
#19955000
1!
1'
b1011101 K
#19960000
0!
0'
#19965000
1!
1'
b1011110 K
#19970000
0!
0'
#19975000
1!
1'
b1011111 K
#19980000
0!
0'
#19985000
1!
1'
b1100000 K
#19990000
0!
0'
#19995000
1!
1'
b1100001 K
#20000000
0!
0'
#20005000
1!
1'
b1100010 K
#20010000
0!
0'
#20015000
1!
1'
b1100011 K
#20020000
0!
0'
#20025000
1!
1'
b0 K
#20030000
b1010 #
0!
0D
0B
0'
#20035000
1!
1'
b1 K
1I
1$
#20040000
0!
0'
#20045000
1!
1'
b10 K
#20050000
0!
0'
#20055000
1!
1'
b11 K
#20060000
0!
0'
#20065000
1!
1'
b100 K
#20070000
0!
0'
#20075000
1!
1'
b101 K
#20080000
0!
0'
#20085000
1!
1'
b110 K
#20090000
0!
0'
#20095000
1!
1'
b111 K
#20100000
0!
0'
#20105000
1!
1'
b1000 K
#20110000
0!
0'
#20115000
1!
1'
b1001 K
#20120000
0!
0'
#20125000
1!
1'
b1010 K
#20130000
0!
0'
#20135000
1!
1'
b1011 K
#20140000
0!
0'
#20145000
1!
1'
b1100 K
#20150000
0!
0'
#20155000
1!
1'
b1101 K
#20160000
0!
0'
#20165000
1!
1'
b1110 K
#20170000
0!
0'
#20175000
1!
1'
b1111 K
#20180000
0!
0'
#20185000
1!
1'
b10000 K
#20190000
0!
0'
#20195000
1!
1'
b10001 K
#20200000
0!
0'
#20205000
1!
1'
b10010 K
#20210000
0!
0'
#20215000
1!
1'
b10011 K
#20220000
0!
0'
#20225000
1!
1'
b10100 K
#20230000
0!
0'
#20235000
1!
1'
b10101 K
#20240000
0!
0'
#20245000
1!
1'
b10110 K
#20250000
0!
0'
#20255000
1!
1'
b10111 K
#20260000
0!
0'
#20265000
1!
1'
b11000 K
#20270000
0!
0'
#20275000
1!
1'
b11001 K
#20280000
0!
0'
#20285000
1!
1'
b11010 K
#20290000
0!
0'
#20295000
1!
1'
b11011 K
#20300000
0!
0'
#20305000
1!
1'
b11100 K
#20310000
0!
0'
#20315000
1!
1'
b11101 K
#20320000
0!
0'
#20325000
1!
1'
b11110 K
#20330000
0!
0'
#20335000
1!
1'
b11111 K
#20340000
0!
0'
#20345000
1!
1'
b100000 K
#20350000
0!
0'
#20355000
1!
1'
b100001 K
#20360000
0!
0'
#20365000
1!
1'
b100010 K
#20370000
0!
0'
#20375000
1!
1'
b100011 K
#20380000
0!
0'
#20385000
1!
1'
b100100 K
#20390000
0!
0'
#20395000
1!
1'
b100101 K
#20400000
0!
0'
#20405000
1!
1'
b100110 K
#20410000
0!
0'
#20415000
1!
1'
b100111 K
#20420000
0!
0'
#20425000
1!
1'
b101000 K
#20430000
0!
0'
#20435000
1!
1'
b101001 K
#20440000
0!
0'
#20445000
1!
1'
b101010 K
#20450000
0!
0'
#20455000
1!
1'
b101011 K
#20460000
0!
0'
#20465000
1!
1'
b101100 K
#20470000
0!
0'
#20475000
1!
1'
b101101 K
#20480000
0!
0'
#20485000
1!
1'
b101110 K
#20490000
0!
0'
#20495000
1!
1'
b101111 K
#20500000
0!
0'
#20505000
1!
1'
b110000 K
#20510000
0!
0'
#20515000
1!
1'
b110001 K
#20520000
0!
0'
#20525000
1!
1'
b110010 K
#20530000
0!
0'
#20535000
1!
1'
b110011 K
#20540000
0!
0'
#20545000
1!
1'
b110100 K
#20550000
0!
0'
#20555000
1!
1'
b110101 K
#20560000
0!
0'
#20565000
1!
1'
b110110 K
#20570000
0!
0'
#20575000
1!
1'
b110111 K
#20580000
0!
0'
#20585000
1!
1'
b111000 K
#20590000
0!
0'
#20595000
1!
1'
b111001 K
#20600000
0!
0'
#20605000
1!
1'
b111010 K
#20610000
0!
0'
#20615000
1!
1'
b111011 K
#20620000
0!
0'
#20625000
1!
1'
b111100 K
#20630000
0!
0'
#20635000
1!
1'
b111101 K
#20640000
0!
0'
#20645000
1!
1'
b111110 K
#20650000
0!
0'
#20655000
1!
1'
b111111 K
#20660000
0!
0'
#20665000
1!
1'
b1000000 K
#20670000
0!
0'
#20675000
1!
1'
b1000001 K
#20680000
0!
0'
#20685000
1!
1'
b1000010 K
#20690000
0!
0'
#20695000
1!
1'
b1000011 K
#20700000
0!
0'
#20705000
1!
1'
b1000100 K
#20710000
0!
0'
#20715000
1!
1'
b1000101 K
#20720000
0!
0'
#20725000
1!
1'
b1000110 K
#20730000
0!
0'
#20735000
1!
1'
b1000111 K
#20740000
0!
0'
#20745000
1!
1'
b1001000 K
#20750000
0!
0'
#20755000
1!
1'
b1001001 K
#20760000
0!
0'
#20765000
1!
1'
b1001010 K
#20770000
0!
0'
#20775000
1!
1'
b1001011 K
#20780000
0!
0'
#20785000
1!
1'
b1001100 K
#20790000
0!
0'
#20795000
1!
1'
b1001101 K
#20800000
0!
0'
#20805000
1!
1'
b1001110 K
#20810000
0!
0'
#20815000
1!
1'
b1001111 K
#20820000
0!
0'
#20825000
1!
1'
b1010000 K
#20830000
0!
0'
#20835000
1!
1'
b1010001 K
#20840000
0!
0'
#20845000
1!
1'
b1010010 K
#20850000
0!
0'
#20855000
1!
1'
b1010011 K
#20860000
0!
0'
#20865000
1!
1'
b1010100 K
#20870000
0!
0'
#20875000
1!
1'
b1010101 K
#20880000
0!
0'
#20885000
1!
1'
b1010110 K
#20890000
0!
0'
#20895000
1!
1'
b1010111 K
#20900000
0!
0'
#20905000
1!
1'
b1011000 K
#20910000
0!
0'
#20915000
1!
1'
b1011001 K
#20920000
0!
0'
#20925000
1!
1'
b1011010 K
#20930000
0!
0'
#20935000
1!
1'
b1011011 K
0I
0$
#20940000
0!
0'
#20945000
1!
1'
b1011100 K
#20950000
0!
0'
#20955000
1!
1'
b1011101 K
#20960000
0!
0'
#20965000
1!
1'
b1011110 K
#20970000
0!
0'
#20975000
1!
1'
b1011111 K
#20980000
0!
0'
#20985000
1!
1'
b1100000 K
#20990000
0!
0'
#20995000
1!
1'
b1100001 K
#21000000
0!
0'
#21005000
1!
1'
b1100010 K
#21010000
0!
0'
#21015000
1!
1'
b1100011 K
#21020000
0!
0'
#21025000
1!
1'
b1010 L
b0 K
#21030000
0!
0'
#21035000
1!
1'
b1 K
1I
1$
#21040000
0!
0'
#21045000
1!
1'
b10 K
#21050000
0!
0'
#21055000
1!
1'
b11 K
#21060000
0!
0'
#21065000
1!
1'
b100 K
#21070000
0!
0'
#21075000
1!
1'
b101 K
#21080000
0!
0'
#21085000
1!
1'
b110 K
#21090000
0!
0'
#21095000
1!
1'
b111 K
#21100000
0!
0'
#21105000
1!
1'
b1000 K
#21110000
0!
0'
#21115000
1!
1'
b1001 K
#21120000
0!
0'
#21125000
1!
1'
b1010 K
#21130000
0!
0'
#21135000
1!
1'
b1011 K
0I
0$
#21140000
0!
0'
#21145000
1!
1'
b1100 K
#21150000
0!
0'
#21155000
1!
1'
b1101 K
#21160000
0!
0'
#21165000
1!
1'
b1110 K
#21170000
0!
0'
#21175000
1!
1'
b1111 K
#21180000
0!
0'
#21185000
1!
1'
b10000 K
#21190000
0!
0'
#21195000
1!
1'
b10001 K
#21200000
0!
0'
#21205000
1!
1'
b10010 K
#21210000
0!
0'
#21215000
1!
1'
b10011 K
#21220000
0!
0'
#21225000
1!
1'
b10100 K
#21230000
0!
0'
#21235000
1!
1'
b10101 K
#21240000
0!
0'
#21245000
1!
1'
b10110 K
#21250000
0!
0'
#21255000
1!
1'
b10111 K
#21260000
0!
0'
#21265000
1!
1'
b11000 K
#21270000
0!
0'
#21275000
1!
1'
b11001 K
#21280000
0!
0'
#21285000
1!
1'
b11010 K
#21290000
0!
0'
#21295000
1!
1'
b11011 K
#21300000
0!
0'
#21305000
1!
1'
b11100 K
#21310000
0!
0'
#21315000
1!
1'
b11101 K
#21320000
0!
0'
#21325000
1!
1'
b11110 K
#21330000
0!
0'
#21335000
1!
1'
b11111 K
#21340000
0!
0'
#21345000
1!
1'
b100000 K
#21350000
0!
0'
#21355000
1!
1'
b100001 K
#21360000
0!
0'
#21365000
1!
1'
b100010 K
#21370000
0!
0'
#21375000
1!
1'
b100011 K
#21380000
0!
0'
#21385000
1!
1'
b100100 K
#21390000
0!
0'
#21395000
1!
1'
b100101 K
#21400000
0!
0'
#21405000
1!
1'
b100110 K
#21410000
0!
0'
#21415000
1!
1'
b100111 K
#21420000
0!
0'
#21425000
1!
1'
b101000 K
#21430000
0!
0'
#21435000
1!
1'
b101001 K
#21440000
0!
0'
#21445000
1!
1'
b101010 K
#21450000
0!
0'
#21455000
1!
1'
b101011 K
#21460000
0!
0'
#21465000
1!
1'
b101100 K
#21470000
0!
0'
#21475000
1!
1'
b101101 K
#21480000
0!
0'
#21485000
1!
1'
b101110 K
#21490000
0!
0'
#21495000
1!
1'
b101111 K
#21500000
0!
0'
#21505000
1!
1'
b110000 K
#21510000
0!
0'
#21515000
1!
1'
b110001 K
#21520000
0!
0'
#21525000
1!
1'
b110010 K
#21530000
0!
0'
#21535000
1!
1'
b110011 K
#21540000
0!
0'
#21545000
1!
1'
b110100 K
#21550000
0!
0'
#21555000
1!
1'
b110101 K
#21560000
0!
0'
#21565000
1!
1'
b110110 K
#21570000
0!
0'
#21575000
1!
1'
b110111 K
#21580000
0!
0'
#21585000
1!
1'
b111000 K
#21590000
0!
0'
#21595000
1!
1'
b111001 K
#21600000
0!
0'
#21605000
1!
1'
b111010 K
#21610000
0!
0'
#21615000
1!
1'
b111011 K
#21620000
0!
0'
#21625000
1!
1'
b111100 K
#21630000
0!
0'
#21635000
1!
1'
b111101 K
#21640000
0!
0'
#21645000
1!
1'
b111110 K
#21650000
0!
0'
#21655000
1!
1'
b111111 K
#21660000
0!
0'
#21665000
1!
1'
b1000000 K
#21670000
0!
0'
#21675000
1!
1'
b1000001 K
#21680000
0!
0'
#21685000
1!
1'
b1000010 K
#21690000
0!
0'
#21695000
1!
1'
b1000011 K
#21700000
0!
0'
#21705000
1!
1'
b1000100 K
#21710000
0!
0'
#21715000
1!
1'
b1000101 K
#21720000
0!
0'
#21725000
1!
1'
b1000110 K
#21730000
0!
0'
#21735000
1!
1'
b1000111 K
#21740000
0!
0'
#21745000
1!
1'
b1001000 K
#21750000
0!
0'
#21755000
1!
1'
b1001001 K
#21760000
0!
0'
#21765000
1!
1'
b1001010 K
#21770000
0!
0'
#21775000
1!
1'
b1001011 K
#21780000
0!
0'
#21785000
1!
1'
b1001100 K
#21790000
0!
0'
#21795000
1!
1'
b1001101 K
#21800000
0!
0'
#21805000
1!
1'
b1001110 K
#21810000
0!
0'
#21815000
1!
1'
b1001111 K
#21820000
0!
0'
#21825000
1!
1'
b1010000 K
#21830000
0!
0'
#21835000
1!
1'
b1010001 K
#21840000
0!
0'
#21845000
1!
1'
b1010010 K
#21850000
0!
0'
#21855000
1!
1'
b1010011 K
#21860000
0!
0'
#21865000
1!
1'
b1010100 K
#21870000
0!
0'
#21875000
1!
1'
b1010101 K
#21880000
0!
0'
#21885000
1!
1'
b1010110 K
#21890000
0!
0'
#21895000
1!
1'
b1010111 K
#21900000
0!
0'
#21905000
1!
1'
b1011000 K
#21910000
0!
0'
#21915000
1!
1'
b1011001 K
#21920000
0!
0'
#21925000
1!
1'
b1011010 K
#21930000
0!
0'
#21935000
1!
1'
b1011011 K
#21940000
0!
0'
#21945000
1!
1'
b1011100 K
#21950000
0!
0'
#21955000
1!
1'
b1011101 K
#21960000
0!
0'
#21965000
1!
1'
b1011110 K
#21970000
0!
0'
#21975000
1!
1'
b1011111 K
#21980000
0!
0'
#21985000
1!
1'
b1100000 K
#21990000
0!
0'
#21995000
1!
1'
b1100001 K
#22000000
0!
0'
#22005000
1!
1'
b1100010 K
#22010000
0!
0'
#22015000
1!
1'
b1100011 K
#22020000
0!
0'
#22025000
1!
1'
b0 K
#22030000
0!
0'
#22035000
1!
1'
b1 K
1I
1$
#22040000
0!
0'
#22045000
1!
1'
b10 K
#22050000
0!
0'
#22055000
1!
1'
b11 K
#22060000
0!
0'
#22065000
1!
1'
b100 K
#22070000
0!
0'
#22075000
1!
1'
b101 K
#22080000
0!
0'
#22085000
1!
1'
b110 K
#22090000
0!
0'
#22095000
1!
1'
b111 K
#22100000
0!
0'
#22105000
1!
1'
b1000 K
#22110000
0!
0'
#22115000
1!
1'
b1001 K
#22120000
0!
0'
#22125000
1!
1'
b1010 K
#22130000
0!
0'
#22135000
1!
1'
b1011 K
0I
0$
#22140000
0!
0'
#22145000
1!
1'
b1100 K
#22150000
0!
0'
#22155000
1!
1'
b1101 K
#22160000
0!
0'
#22165000
1!
1'
b1110 K
#22170000
0!
0'
#22175000
1!
1'
b1111 K
#22180000
0!
0'
#22185000
1!
1'
b10000 K
#22190000
0!
0'
#22195000
1!
1'
b10001 K
#22200000
0!
0'
#22205000
1!
1'
b10010 K
#22210000
0!
0'
#22215000
1!
1'
b10011 K
#22220000
0!
0'
#22225000
1!
1'
b10100 K
#22230000
0!
0'
#22235000
1!
1'
b10101 K
#22240000
0!
0'
#22245000
1!
1'
b10110 K
#22250000
0!
0'
#22255000
1!
1'
b10111 K
#22260000
0!
0'
#22265000
1!
1'
b11000 K
#22270000
0!
0'
#22275000
1!
1'
b11001 K
#22280000
0!
0'
#22285000
1!
1'
b11010 K
#22290000
0!
0'
#22295000
1!
1'
b11011 K
#22300000
0!
0'
#22305000
1!
1'
b11100 K
#22310000
0!
0'
#22315000
1!
1'
b11101 K
#22320000
0!
0'
#22325000
1!
1'
b11110 K
#22330000
0!
0'
#22335000
1!
1'
b11111 K
#22340000
0!
0'
#22345000
1!
1'
b100000 K
#22350000
0!
0'
#22355000
1!
1'
b100001 K
#22360000
0!
0'
#22365000
1!
1'
b100010 K
#22370000
0!
0'
#22375000
1!
1'
b100011 K
#22380000
0!
0'
#22385000
1!
1'
b100100 K
#22390000
0!
0'
#22395000
1!
1'
b100101 K
#22400000
0!
0'
#22405000
1!
1'
b100110 K
#22410000
0!
0'
#22415000
1!
1'
b100111 K
#22420000
0!
0'
#22425000
1!
1'
b101000 K
#22430000
0!
0'
#22435000
1!
1'
b101001 K
#22440000
0!
0'
#22445000
1!
1'
b101010 K
#22450000
0!
0'
#22455000
1!
1'
b101011 K
#22460000
0!
0'
#22465000
1!
1'
b101100 K
#22470000
0!
0'
#22475000
1!
1'
b101101 K
#22480000
0!
0'
#22485000
1!
1'
b101110 K
#22490000
0!
0'
#22495000
1!
1'
b101111 K
#22500000
0!
0'
#22505000
1!
1'
b110000 K
#22510000
0!
0'
#22515000
1!
1'
b110001 K
#22520000
0!
0'
#22525000
1!
1'
b110010 K
#22530000
0!
0'
#22535000
1!
1'
b110011 K
#22540000
0!
0'
#22545000
1!
1'
b110100 K
#22550000
0!
0'
#22555000
1!
1'
b110101 K
#22560000
0!
0'
#22565000
1!
1'
b110110 K
#22570000
0!
0'
#22575000
1!
1'
b110111 K
#22580000
0!
0'
#22585000
1!
1'
b111000 K
#22590000
0!
0'
#22595000
1!
1'
b111001 K
#22600000
0!
0'
#22605000
1!
1'
b111010 K
#22610000
0!
0'
#22615000
1!
1'
b111011 K
#22620000
0!
0'
#22625000
1!
1'
b111100 K
#22630000
0!
0'
#22635000
1!
1'
b111101 K
#22640000
0!
0'
#22645000
1!
1'
b111110 K
#22650000
0!
0'
#22655000
1!
1'
b111111 K
#22660000
0!
0'
#22665000
1!
1'
b1000000 K
#22670000
0!
0'
#22675000
1!
1'
b1000001 K
#22680000
0!
0'
#22685000
1!
1'
b1000010 K
#22690000
0!
0'
#22695000
1!
1'
b1000011 K
#22700000
0!
0'
#22705000
1!
1'
b1000100 K
#22710000
0!
0'
#22715000
1!
1'
b1000101 K
#22720000
0!
0'
#22725000
1!
1'
b1000110 K
#22730000
0!
0'
#22735000
1!
1'
b1000111 K
#22740000
0!
0'
#22745000
1!
1'
b1001000 K
#22750000
0!
0'
#22755000
1!
1'
b1001001 K
#22760000
0!
0'
#22765000
1!
1'
b1001010 K
#22770000
0!
0'
#22775000
1!
1'
b1001011 K
#22780000
0!
0'
#22785000
1!
1'
b1001100 K
#22790000
0!
0'
#22795000
1!
1'
b1001101 K
#22800000
0!
0'
#22805000
1!
1'
b1001110 K
#22810000
0!
0'
#22815000
1!
1'
b1001111 K
#22820000
0!
0'
#22825000
1!
1'
b1010000 K
#22830000
0!
0'
#22835000
1!
1'
b1010001 K
#22840000
0!
0'
#22845000
1!
1'
b1010010 K
#22850000
0!
0'
#22855000
1!
1'
b1010011 K
#22860000
0!
0'
#22865000
1!
1'
b1010100 K
#22870000
0!
0'
#22875000
1!
1'
b1010101 K
#22880000
0!
0'
#22885000
1!
1'
b1010110 K
#22890000
0!
0'
#22895000
1!
1'
b1010111 K
#22900000
0!
0'
#22905000
1!
1'
b1011000 K
#22910000
0!
0'
#22915000
1!
1'
b1011001 K
#22920000
0!
0'
#22925000
1!
1'
b1011010 K
#22930000
0!
0'
#22935000
1!
1'
b1011011 K
#22940000
0!
0'
#22945000
1!
1'
b1011100 K
#22950000
0!
0'
#22955000
1!
1'
b1011101 K
#22960000
0!
0'
#22965000
1!
1'
b1011110 K
#22970000
0!
0'
#22975000
1!
1'
b1011111 K
#22980000
0!
0'
#22985000
1!
1'
b1100000 K
#22990000
0!
0'
#22995000
1!
1'
b1100001 K
#23000000
0!
0'
#23005000
1!
1'
b1100010 K
#23010000
0!
0'
#23015000
1!
1'
b1100011 K
#23020000
0!
0'
#23025000
1!
1'
b0 K
#23030000
0!
0'
#23035000
1!
1'
b1 K
1I
1$
#23040000
0!
0'
#23045000
1!
1'
b10 K
#23050000
0!
0'
#23055000
1!
1'
b11 K
#23060000
0!
0'
#23065000
1!
1'
b100 K
#23070000
0!
0'
#23075000
1!
1'
b101 K
#23080000
0!
0'
#23085000
1!
1'
b110 K
#23090000
0!
0'
#23095000
1!
1'
b111 K
#23100000
0!
0'
#23105000
1!
1'
b1000 K
#23110000
0!
0'
#23115000
1!
1'
b1001 K
#23120000
0!
0'
#23125000
1!
1'
b1010 K
#23130000
0!
0'
#23135000
1!
1'
b1011 K
0I
0$
#23140000
0!
0'
#23145000
1!
1'
b1100 K
#23150000
0!
0'
#23155000
1!
1'
b1101 K
#23160000
0!
0'
#23165000
1!
1'
b1110 K
#23170000
0!
0'
#23175000
1!
1'
b1111 K
#23180000
0!
0'
#23185000
1!
1'
b10000 K
#23190000
0!
0'
#23195000
1!
1'
b10001 K
#23200000
0!
0'
#23205000
1!
1'
b10010 K
#23210000
0!
0'
#23215000
1!
1'
b10011 K
#23220000
0!
0'
#23225000
1!
1'
b10100 K
#23230000
0!
0'
#23235000
1!
1'
b10101 K
#23240000
0!
0'
#23245000
1!
1'
b10110 K
#23250000
0!
0'
#23255000
1!
1'
b10111 K
#23260000
0!
0'
#23265000
1!
1'
b11000 K
#23270000
0!
0'
#23275000
1!
1'
b11001 K
#23280000
0!
0'
#23285000
1!
1'
b11010 K
#23290000
0!
0'
#23295000
1!
1'
b11011 K
#23300000
0!
0'
#23305000
1!
1'
b11100 K
#23310000
0!
0'
#23315000
1!
1'
b11101 K
#23320000
0!
0'
#23325000
1!
1'
b11110 K
#23330000
0!
0'
#23335000
1!
1'
b11111 K
#23340000
0!
0'
#23345000
1!
1'
b100000 K
#23350000
0!
0'
#23355000
1!
1'
b100001 K
#23360000
0!
0'
#23365000
1!
1'
b100010 K
#23370000
0!
0'
#23375000
1!
1'
b100011 K
#23380000
0!
0'
#23385000
1!
1'
b100100 K
#23390000
0!
0'
#23395000
1!
1'
b100101 K
#23400000
0!
0'
#23405000
1!
1'
b100110 K
#23410000
0!
0'
#23415000
1!
1'
b100111 K
#23420000
0!
0'
#23425000
1!
1'
b101000 K
#23430000
0!
0'
#23435000
1!
1'
b101001 K
#23440000
0!
0'
#23445000
1!
1'
b101010 K
#23450000
0!
0'
#23455000
1!
1'
b101011 K
#23460000
0!
0'
#23465000
1!
1'
b101100 K
#23470000
0!
0'
#23475000
1!
1'
b101101 K
#23480000
0!
0'
#23485000
1!
1'
b101110 K
#23490000
0!
0'
#23495000
1!
1'
b101111 K
#23500000
0!
0'
#23505000
1!
1'
b110000 K
#23510000
0!
0'
#23515000
1!
1'
b110001 K
#23520000
0!
0'
#23525000
1!
1'
b110010 K
#23530000
0!
0'
#23535000
1!
1'
b110011 K
#23540000
0!
0'
#23545000
1!
1'
b110100 K
#23550000
0!
0'
#23555000
1!
1'
b110101 K
#23560000
0!
0'
#23565000
1!
1'
b110110 K
#23570000
0!
0'
#23575000
1!
1'
b110111 K
#23580000
0!
0'
#23585000
1!
1'
b111000 K
#23590000
0!
0'
#23595000
1!
1'
b111001 K
#23600000
0!
0'
#23605000
1!
1'
b111010 K
#23610000
0!
0'
#23615000
1!
1'
b111011 K
#23620000
0!
0'
#23625000
1!
1'
b111100 K
#23630000
0!
0'
#23635000
1!
1'
b111101 K
#23640000
0!
0'
#23645000
1!
1'
b111110 K
#23650000
0!
0'
#23655000
1!
1'
b111111 K
#23660000
0!
0'
#23665000
1!
1'
b1000000 K
#23670000
0!
0'
#23675000
1!
1'
b1000001 K
#23680000
0!
0'
#23685000
1!
1'
b1000010 K
#23690000
0!
0'
#23695000
1!
1'
b1000011 K
#23700000
0!
0'
#23705000
1!
1'
b1000100 K
#23710000
0!
0'
#23715000
1!
1'
b1000101 K
#23720000
0!
0'
#23725000
1!
1'
b1000110 K
#23730000
0!
0'
#23735000
1!
1'
b1000111 K
#23740000
0!
0'
#23745000
1!
1'
b1001000 K
#23750000
0!
0'
#23755000
1!
1'
b1001001 K
#23760000
0!
0'
#23765000
1!
1'
b1001010 K
#23770000
0!
0'
#23775000
1!
1'
b1001011 K
#23780000
0!
0'
#23785000
1!
1'
b1001100 K
#23790000
0!
0'
#23795000
1!
1'
b1001101 K
#23800000
0!
0'
#23805000
1!
1'
b1001110 K
#23810000
0!
0'
#23815000
1!
1'
b1001111 K
#23820000
0!
0'
#23825000
1!
1'
b1010000 K
#23830000
0!
0'
#23835000
1!
1'
b1010001 K
#23840000
0!
0'
#23845000
1!
1'
b1010010 K
#23850000
0!
0'
#23855000
1!
1'
b1010011 K
#23860000
0!
0'
#23865000
1!
1'
b1010100 K
#23870000
0!
0'
#23875000
1!
1'
b1010101 K
#23880000
0!
0'
#23885000
1!
1'
b1010110 K
#23890000
0!
0'
#23895000
1!
1'
b1010111 K
#23900000
0!
0'
#23905000
1!
1'
b1011000 K
#23910000
0!
0'
#23915000
1!
1'
b1011001 K
#23920000
0!
0'
#23925000
1!
1'
b1011010 K
#23930000
0!
0'
#23935000
1!
1'
b1011011 K
#23940000
0!
0'
#23945000
1!
1'
b1011100 K
#23950000
0!
0'
#23955000
1!
1'
b1011101 K
#23960000
0!
0'
#23965000
1!
1'
b1011110 K
#23970000
0!
0'
#23975000
1!
1'
b1011111 K
#23980000
0!
0'
#23985000
1!
1'
b1100000 K
#23990000
0!
0'
#23995000
1!
1'
b1100001 K
#24000000
0!
0'
#24005000
1!
1'
b1100010 K
#24010000
0!
0'
#24015000
1!
1'
b1100011 K
#24020000
0!
0'
#24025000
1!
1'
b0 K
#24030000
0!
0'
#24035000
1!
1'
b1 K
1I
1$
#24040000
0!
0'
#24045000
1!
1'
b10 K
#24050000
0!
0'
#24055000
1!
1'
b11 K
#24060000
0!
0'
#24065000
1!
1'
b100 K
#24070000
0!
0'
#24075000
1!
1'
b101 K
#24080000
0!
0'
#24085000
1!
1'
b110 K
#24090000
0!
0'
#24095000
1!
1'
b111 K
#24100000
0!
0'
#24105000
1!
1'
b1000 K
#24110000
0!
0'
#24115000
1!
1'
b1001 K
#24120000
0!
0'
#24125000
1!
1'
b1010 K
#24130000
0!
0'
#24135000
1!
1'
b1011 K
0I
0$
#24140000
0!
0'
#24145000
1!
1'
b1100 K
#24150000
0!
0'
#24155000
1!
1'
b1101 K
#24160000
0!
0'
#24165000
1!
1'
b1110 K
#24170000
0!
0'
#24175000
1!
1'
b1111 K
#24180000
0!
0'
#24185000
1!
1'
b10000 K
#24190000
0!
0'
#24195000
1!
1'
b10001 K
#24200000
0!
0'
#24205000
1!
1'
b10010 K
#24210000
0!
0'
#24215000
1!
1'
b10011 K
#24220000
0!
0'
#24225000
1!
1'
b10100 K
#24230000
0!
0'
#24235000
1!
1'
b10101 K
#24240000
0!
0'
#24245000
1!
1'
b10110 K
#24250000
0!
0'
#24255000
1!
1'
b10111 K
#24260000
0!
0'
#24265000
1!
1'
b11000 K
#24270000
0!
0'
#24275000
1!
1'
b11001 K
#24280000
0!
0'
#24285000
1!
1'
b11010 K
#24290000
0!
0'
#24295000
1!
1'
b11011 K
#24300000
0!
0'
#24305000
1!
1'
b11100 K
#24310000
0!
0'
#24315000
1!
1'
b11101 K
#24320000
0!
0'
#24325000
1!
1'
b11110 K
#24330000
0!
0'
#24335000
1!
1'
b11111 K
#24340000
0!
0'
#24345000
1!
1'
b100000 K
#24350000
0!
0'
#24355000
1!
1'
b100001 K
#24360000
0!
0'
#24365000
1!
1'
b100010 K
#24370000
0!
0'
#24375000
1!
1'
b100011 K
#24380000
0!
0'
#24385000
1!
1'
b100100 K
#24390000
0!
0'
#24395000
1!
1'
b100101 K
#24400000
0!
0'
#24405000
1!
1'
b100110 K
#24410000
0!
0'
#24415000
1!
1'
b100111 K
#24420000
0!
0'
#24425000
1!
1'
b101000 K
#24430000
0!
0'
#24435000
1!
1'
b101001 K
#24440000
0!
0'
#24445000
1!
1'
b101010 K
#24450000
0!
0'
#24455000
1!
1'
b101011 K
#24460000
0!
0'
#24465000
1!
1'
b101100 K
#24470000
0!
0'
#24475000
1!
1'
b101101 K
#24480000
0!
0'
#24485000
1!
1'
b101110 K
#24490000
0!
0'
#24495000
1!
1'
b101111 K
#24500000
0!
0'
#24505000
1!
1'
b110000 K
#24510000
0!
0'
#24515000
1!
1'
b110001 K
#24520000
0!
0'
#24525000
1!
1'
b110010 K
#24530000
0!
0'
#24535000
1!
1'
b110011 K
#24540000
0!
0'
#24545000
1!
1'
b110100 K
#24550000
0!
0'
#24555000
1!
1'
b110101 K
#24560000
0!
0'
#24565000
1!
1'
b110110 K
#24570000
0!
0'
#24575000
1!
1'
b110111 K
#24580000
0!
0'
#24585000
1!
1'
b111000 K
#24590000
0!
0'
#24595000
1!
1'
b111001 K
#24600000
0!
0'
#24605000
1!
1'
b111010 K
#24610000
0!
0'
#24615000
1!
1'
b111011 K
#24620000
0!
0'
#24625000
1!
1'
b111100 K
#24630000
0!
0'
#24635000
1!
1'
b111101 K
#24640000
0!
0'
#24645000
1!
1'
b111110 K
#24650000
0!
0'
#24655000
1!
1'
b111111 K
#24660000
0!
0'
#24665000
1!
1'
b1000000 K
#24670000
0!
0'
#24675000
1!
1'
b1000001 K
#24680000
0!
0'
#24685000
1!
1'
b1000010 K
#24690000
0!
0'
#24695000
1!
1'
b1000011 K
#24700000
0!
0'
#24705000
1!
1'
b1000100 K
#24710000
0!
0'
#24715000
1!
1'
b1000101 K
#24720000
0!
0'
#24725000
1!
1'
b1000110 K
#24730000
0!
0'
#24735000
1!
1'
b1000111 K
#24740000
0!
0'
#24745000
1!
1'
b1001000 K
#24750000
0!
0'
#24755000
1!
1'
b1001001 K
#24760000
0!
0'
#24765000
1!
1'
b1001010 K
#24770000
0!
0'
#24775000
1!
1'
b1001011 K
#24780000
0!
0'
#24785000
1!
1'
b1001100 K
#24790000
0!
0'
#24795000
1!
1'
b1001101 K
#24800000
0!
0'
#24805000
1!
1'
b1001110 K
#24810000
0!
0'
#24815000
1!
1'
b1001111 K
#24820000
0!
0'
#24825000
1!
1'
b1010000 K
#24830000
0!
0'
#24835000
1!
1'
b1010001 K
#24840000
0!
0'
#24845000
1!
1'
b1010010 K
#24850000
0!
0'
#24855000
1!
1'
b1010011 K
#24860000
0!
0'
#24865000
1!
1'
b1010100 K
#24870000
0!
0'
#24875000
1!
1'
b1010101 K
#24880000
0!
0'
#24885000
1!
1'
b1010110 K
#24890000
0!
0'
#24895000
1!
1'
b1010111 K
#24900000
0!
0'
#24905000
1!
1'
b1011000 K
#24910000
0!
0'
#24915000
1!
1'
b1011001 K
#24920000
0!
0'
#24925000
1!
1'
b1011010 K
#24930000
0!
0'
#24935000
1!
1'
b1011011 K
#24940000
0!
0'
#24945000
1!
1'
b1011100 K
#24950000
0!
0'
#24955000
1!
1'
b1011101 K
#24960000
0!
0'
#24965000
1!
1'
b1011110 K
#24970000
0!
0'
#24975000
1!
1'
b1011111 K
#24980000
0!
0'
#24985000
1!
1'
b1100000 K
#24990000
0!
0'
#24995000
1!
1'
b1100001 K
#25000000
0!
0'
#25005000
1!
1'
b1100010 K
#25010000
0!
0'
#25015000
1!
1'
b1100011 K
#25020000
0!
0'
#25025000
1!
1'
b0 K
#25030000
0!
0'
#25035000
1!
1'
b1 K
1I
1$
#25040000
0!
0'
#25045000
1!
1'
b10 K
#25050000
0!
0'
#25055000
1!
1'
b11 K
#25060000
0!
0'
#25065000
1!
1'
b100 K
#25070000
0!
0'
#25075000
1!
1'
b101 K
#25080000
0!
0'
#25085000
1!
1'
b110 K
#25090000
0!
0'
#25095000
1!
1'
b111 K
#25100000
0!
0'
#25105000
1!
1'
b1000 K
#25110000
0!
0'
#25115000
1!
1'
b1001 K
#25120000
0!
0'
#25125000
1!
1'
b1010 K
#25130000
0!
0'
#25135000
1!
1'
b1011 K
0I
0$
#25140000
0!
0'
#25145000
1!
1'
b1100 K
#25150000
0!
0'
#25155000
1!
1'
b1101 K
#25160000
0!
0'
#25165000
1!
1'
b1110 K
#25170000
0!
0'
#25175000
1!
1'
b1111 K
#25180000
0!
0'
#25185000
1!
1'
b10000 K
#25190000
0!
0'
#25195000
1!
1'
b10001 K
#25200000
0!
0'
#25205000
1!
1'
b10010 K
#25210000
0!
0'
#25215000
1!
1'
b10011 K
#25220000
0!
0'
#25225000
1!
1'
b10100 K
#25230000
0!
0'
#25235000
1!
1'
b10101 K
#25240000
0!
0'
#25245000
1!
1'
b10110 K
#25250000
0!
0'
#25255000
1!
1'
b10111 K
#25260000
0!
0'
#25265000
1!
1'
b11000 K
#25270000
0!
0'
#25275000
1!
1'
b11001 K
#25280000
0!
0'
#25285000
1!
1'
b11010 K
#25290000
0!
0'
#25295000
1!
1'
b11011 K
#25300000
0!
0'
#25305000
1!
1'
b11100 K
#25310000
0!
0'
#25315000
1!
1'
b11101 K
#25320000
0!
0'
#25325000
1!
1'
b11110 K
#25330000
0!
0'
#25335000
1!
1'
b11111 K
#25340000
0!
0'
#25345000
1!
1'
b100000 K
#25350000
0!
0'
#25355000
1!
1'
b100001 K
#25360000
0!
0'
#25365000
1!
1'
b100010 K
#25370000
0!
0'
#25375000
1!
1'
b100011 K
#25380000
0!
0'
#25385000
1!
1'
b100100 K
#25390000
0!
0'
#25395000
1!
1'
b100101 K
#25400000
0!
0'
#25405000
1!
1'
b100110 K
#25410000
0!
0'
#25415000
1!
1'
b100111 K
#25420000
0!
0'
#25425000
1!
1'
b101000 K
#25430000
0!
0'
#25435000
1!
1'
b101001 K
#25440000
0!
0'
#25445000
1!
1'
b101010 K
#25450000
0!
0'
#25455000
1!
1'
b101011 K
#25460000
0!
0'
#25465000
1!
1'
b101100 K
#25470000
0!
0'
#25475000
1!
1'
b101101 K
#25480000
0!
0'
#25485000
1!
1'
b101110 K
#25490000
0!
0'
#25495000
1!
1'
b101111 K
#25500000
0!
0'
#25505000
1!
1'
b110000 K
#25510000
0!
0'
#25515000
1!
1'
b110001 K
#25520000
0!
0'
#25525000
1!
1'
b110010 K
#25530000
0!
0'
#25535000
1!
1'
b110011 K
#25540000
0!
0'
#25545000
1!
1'
b110100 K
#25550000
0!
0'
#25555000
1!
1'
b110101 K
#25560000
0!
0'
#25565000
1!
1'
b110110 K
#25570000
0!
0'
#25575000
1!
1'
b110111 K
#25580000
0!
0'
#25585000
1!
1'
b111000 K
#25590000
0!
0'
#25595000
1!
1'
b111001 K
#25600000
0!
0'
#25605000
1!
1'
b111010 K
#25610000
0!
0'
#25615000
1!
1'
b111011 K
#25620000
0!
0'
#25625000
1!
1'
b111100 K
#25630000
0!
0'
#25635000
1!
1'
b111101 K
#25640000
0!
0'
#25645000
1!
1'
b111110 K
#25650000
0!
0'
#25655000
1!
1'
b111111 K
#25660000
0!
0'
#25665000
1!
1'
b1000000 K
#25670000
0!
0'
#25675000
1!
1'
b1000001 K
#25680000
0!
0'
#25685000
1!
1'
b1000010 K
#25690000
0!
0'
#25695000
1!
1'
b1000011 K
#25700000
0!
0'
#25705000
1!
1'
b1000100 K
#25710000
0!
0'
#25715000
1!
1'
b1000101 K
#25720000
0!
0'
#25725000
1!
1'
b1000110 K
#25730000
0!
0'
#25735000
1!
1'
b1000111 K
#25740000
0!
0'
#25745000
1!
1'
b1001000 K
#25750000
0!
0'
#25755000
1!
1'
b1001001 K
#25760000
0!
0'
#25765000
1!
1'
b1001010 K
#25770000
0!
0'
#25775000
1!
1'
b1001011 K
#25780000
0!
0'
#25785000
1!
1'
b1001100 K
#25790000
0!
0'
#25795000
1!
1'
b1001101 K
#25800000
0!
0'
#25805000
1!
1'
b1001110 K
#25810000
0!
0'
#25815000
1!
1'
b1001111 K
#25820000
0!
0'
#25825000
1!
1'
b1010000 K
#25830000
0!
0'
#25835000
1!
1'
b1010001 K
#25840000
0!
0'
#25845000
1!
1'
b1010010 K
#25850000
0!
0'
#25855000
1!
1'
b1010011 K
#25860000
0!
0'
#25865000
1!
1'
b1010100 K
#25870000
0!
0'
#25875000
1!
1'
b1010101 K
#25880000
0!
0'
#25885000
1!
1'
b1010110 K
#25890000
0!
0'
#25895000
1!
1'
b1010111 K
#25900000
0!
0'
#25905000
1!
1'
b1011000 K
#25910000
0!
0'
#25915000
1!
1'
b1011001 K
#25920000
0!
0'
#25925000
1!
1'
b1011010 K
#25930000
0!
0'
#25935000
1!
1'
b1011011 K
#25940000
0!
0'
#25945000
1!
1'
b1011100 K
#25950000
0!
0'
#25955000
1!
1'
b1011101 K
#25960000
0!
0'
#25965000
1!
1'
b1011110 K
#25970000
0!
0'
#25975000
1!
1'
b1011111 K
#25980000
0!
0'
#25985000
1!
1'
b1100000 K
#25990000
0!
0'
#25995000
1!
1'
b1100001 K
#26000000
0!
0'
#26005000
1!
1'
b1100010 K
#26010000
0!
0'
#26015000
1!
1'
b1100011 K
#26020000
0!
0'
#26025000
1!
1'
b0 K
#26030000
0!
0'
#26035000
1!
1'
b1 K
1I
1$
#26040000
0!
0'
#26045000
1!
1'
b10 K
#26050000
0!
0'
#26055000
1!
1'
b11 K
#26060000
0!
0'
#26065000
1!
1'
b100 K
#26070000
0!
0'
#26075000
1!
1'
b101 K
#26080000
0!
0'
#26085000
1!
1'
b110 K
#26090000
0!
0'
#26095000
1!
1'
b111 K
#26100000
0!
0'
#26105000
1!
1'
b1000 K
#26110000
0!
0'
#26115000
1!
1'
b1001 K
#26120000
0!
0'
#26125000
1!
1'
b1010 K
#26130000
0!
0'
#26135000
1!
1'
b1011 K
0I
0$
#26140000
0!
0'
#26145000
1!
1'
b1100 K
#26150000
0!
0'
#26155000
1!
1'
b1101 K
#26160000
0!
0'
#26165000
1!
1'
b1110 K
#26170000
0!
0'
#26175000
1!
1'
b1111 K
#26180000
0!
0'
#26185000
1!
1'
b10000 K
#26190000
0!
0'
#26195000
1!
1'
b10001 K
#26200000
0!
0'
#26205000
1!
1'
b10010 K
#26210000
0!
0'
#26215000
1!
1'
b10011 K
#26220000
0!
0'
#26225000
1!
1'
b10100 K
#26230000
0!
0'
#26235000
1!
1'
b10101 K
#26240000
0!
0'
#26245000
1!
1'
b10110 K
#26250000
0!
0'
#26255000
1!
1'
b10111 K
#26260000
0!
0'
#26265000
1!
1'
b11000 K
#26270000
0!
0'
#26275000
1!
1'
b11001 K
#26280000
0!
0'
#26285000
1!
1'
b11010 K
#26290000
0!
0'
#26295000
1!
1'
b11011 K
#26300000
0!
0'
#26305000
1!
1'
b11100 K
#26310000
0!
0'
#26315000
1!
1'
b11101 K
#26320000
0!
0'
#26325000
1!
1'
b11110 K
#26330000
0!
0'
#26335000
1!
1'
b11111 K
#26340000
0!
0'
#26345000
1!
1'
b100000 K
#26350000
0!
0'
#26355000
1!
1'
b100001 K
#26360000
0!
0'
#26365000
1!
1'
b100010 K
#26370000
0!
0'
#26375000
1!
1'
b100011 K
#26380000
0!
0'
#26385000
1!
1'
b100100 K
#26390000
0!
0'
#26395000
1!
1'
b100101 K
#26400000
0!
0'
#26405000
1!
1'
b100110 K
#26410000
0!
0'
#26415000
1!
1'
b100111 K
#26420000
0!
0'
#26425000
1!
1'
b101000 K
#26430000
0!
0'
#26435000
1!
1'
b101001 K
#26440000
0!
0'
#26445000
1!
1'
b101010 K
#26450000
0!
0'
#26455000
1!
1'
b101011 K
#26460000
0!
0'
#26465000
1!
1'
b101100 K
#26470000
0!
0'
#26475000
1!
1'
b101101 K
#26480000
0!
0'
#26485000
1!
1'
b101110 K
#26490000
0!
0'
#26495000
1!
1'
b101111 K
#26500000
0!
0'
#26505000
1!
1'
b110000 K
#26510000
0!
0'
#26515000
1!
1'
b110001 K
#26520000
0!
0'
#26525000
1!
1'
b110010 K
#26530000
0!
0'
#26535000
1!
1'
b110011 K
#26540000
0!
0'
#26545000
1!
1'
b110100 K
#26550000
0!
0'
#26555000
1!
1'
b110101 K
#26560000
0!
0'
#26565000
1!
1'
b110110 K
#26570000
0!
0'
#26575000
1!
1'
b110111 K
#26580000
0!
0'
#26585000
1!
1'
b111000 K
#26590000
0!
0'
#26595000
1!
1'
b111001 K
#26600000
0!
0'
#26605000
1!
1'
b111010 K
#26610000
0!
0'
#26615000
1!
1'
b111011 K
#26620000
0!
0'
#26625000
1!
1'
b111100 K
#26630000
0!
0'
#26635000
1!
1'
b111101 K
#26640000
0!
0'
#26645000
1!
1'
b111110 K
#26650000
0!
0'
#26655000
1!
1'
b111111 K
#26660000
0!
0'
#26665000
1!
1'
b1000000 K
#26670000
0!
0'
#26675000
1!
1'
b1000001 K
#26680000
0!
0'
#26685000
1!
1'
b1000010 K
#26690000
0!
0'
#26695000
1!
1'
b1000011 K
#26700000
0!
0'
#26705000
1!
1'
b1000100 K
#26710000
0!
0'
#26715000
1!
1'
b1000101 K
#26720000
0!
0'
#26725000
1!
1'
b1000110 K
#26730000
0!
0'
#26735000
1!
1'
b1000111 K
#26740000
0!
0'
#26745000
1!
1'
b1001000 K
#26750000
0!
0'
#26755000
1!
1'
b1001001 K
#26760000
0!
0'
#26765000
1!
1'
b1001010 K
#26770000
0!
0'
#26775000
1!
1'
b1001011 K
#26780000
0!
0'
#26785000
1!
1'
b1001100 K
#26790000
0!
0'
#26795000
1!
1'
b1001101 K
#26800000
0!
0'
#26805000
1!
1'
b1001110 K
#26810000
0!
0'
#26815000
1!
1'
b1001111 K
#26820000
0!
0'
#26825000
1!
1'
b1010000 K
#26830000
0!
0'
#26835000
1!
1'
b1010001 K
#26840000
0!
0'
#26845000
1!
1'
b1010010 K
#26850000
0!
0'
#26855000
1!
1'
b1010011 K
#26860000
0!
0'
#26865000
1!
1'
b1010100 K
#26870000
0!
0'
#26875000
1!
1'
b1010101 K
#26880000
0!
0'
#26885000
1!
1'
b1010110 K
#26890000
0!
0'
#26895000
1!
1'
b1010111 K
#26900000
0!
0'
#26905000
1!
1'
b1011000 K
#26910000
0!
0'
#26915000
1!
1'
b1011001 K
#26920000
0!
0'
#26925000
1!
1'
b1011010 K
#26930000
0!
0'
#26935000
1!
1'
b1011011 K
#26940000
0!
0'
#26945000
1!
1'
b1011100 K
#26950000
0!
0'
#26955000
1!
1'
b1011101 K
#26960000
0!
0'
#26965000
1!
1'
b1011110 K
#26970000
0!
0'
#26975000
1!
1'
b1011111 K
#26980000
0!
0'
#26985000
1!
1'
b1100000 K
#26990000
0!
0'
#26995000
1!
1'
b1100001 K
#27000000
0!
0'
#27005000
1!
1'
b1100010 K
#27010000
0!
0'
#27015000
1!
1'
b1100011 K
#27020000
0!
0'
#27025000
1!
1'
b0 K
#27030000
0!
0'
#27035000
1!
1'
b1 K
1I
1$
#27040000
0!
0'
#27045000
1!
1'
b10 K
#27050000
0!
0'
#27055000
1!
1'
b11 K
#27060000
0!
0'
#27065000
1!
1'
b100 K
#27070000
0!
0'
#27075000
1!
1'
b101 K
#27080000
0!
0'
#27085000
1!
1'
b110 K
#27090000
0!
0'
#27095000
1!
1'
b111 K
#27100000
0!
0'
#27105000
1!
1'
b1000 K
#27110000
0!
0'
#27115000
1!
1'
b1001 K
#27120000
0!
0'
#27125000
1!
1'
b1010 K
#27130000
0!
0'
#27135000
1!
1'
b1011 K
0I
0$
#27140000
0!
0'
#27145000
1!
1'
b1100 K
#27150000
0!
0'
#27155000
1!
1'
b1101 K
#27160000
0!
0'
#27165000
1!
1'
b1110 K
#27170000
0!
0'
#27175000
1!
1'
b1111 K
#27180000
0!
0'
#27185000
1!
1'
b10000 K
#27190000
0!
0'
#27195000
1!
1'
b10001 K
#27200000
0!
0'
#27205000
1!
1'
b10010 K
#27210000
0!
0'
#27215000
1!
1'
b10011 K
#27220000
0!
0'
#27225000
1!
1'
b10100 K
#27230000
0!
0'
#27235000
1!
1'
b10101 K
#27240000
0!
0'
#27245000
1!
1'
b10110 K
#27250000
0!
0'
#27255000
1!
1'
b10111 K
#27260000
0!
0'
#27265000
1!
1'
b11000 K
#27270000
0!
0'
#27275000
1!
1'
b11001 K
#27280000
0!
0'
#27285000
1!
1'
b11010 K
#27290000
0!
0'
#27295000
1!
1'
b11011 K
#27300000
0!
0'
#27305000
1!
1'
b11100 K
#27310000
0!
0'
#27315000
1!
1'
b11101 K
#27320000
0!
0'
#27325000
1!
1'
b11110 K
#27330000
0!
0'
#27335000
1!
1'
b11111 K
#27340000
0!
0'
#27345000
1!
1'
b100000 K
#27350000
0!
0'
#27355000
1!
1'
b100001 K
#27360000
0!
0'
#27365000
1!
1'
b100010 K
#27370000
0!
0'
#27375000
1!
1'
b100011 K
#27380000
0!
0'
#27385000
1!
1'
b100100 K
#27390000
0!
0'
#27395000
1!
1'
b100101 K
#27400000
0!
0'
#27405000
1!
1'
b100110 K
#27410000
0!
0'
#27415000
1!
1'
b100111 K
#27420000
0!
0'
#27425000
1!
1'
b101000 K
#27430000
0!
0'
#27435000
1!
1'
b101001 K
#27440000
0!
0'
#27445000
1!
1'
b101010 K
#27450000
0!
0'
#27455000
1!
1'
b101011 K
#27460000
0!
0'
#27465000
1!
1'
b101100 K
#27470000
0!
0'
#27475000
1!
1'
b101101 K
#27480000
0!
0'
#27485000
1!
1'
b101110 K
#27490000
0!
0'
#27495000
1!
1'
b101111 K
#27500000
0!
0'
#27505000
1!
1'
b110000 K
#27510000
0!
0'
#27515000
1!
1'
b110001 K
#27520000
0!
0'
#27525000
1!
1'
b110010 K
#27530000
0!
0'
#27535000
1!
1'
b110011 K
#27540000
0!
0'
#27545000
1!
1'
b110100 K
#27550000
0!
0'
#27555000
1!
1'
b110101 K
#27560000
0!
0'
#27565000
1!
1'
b110110 K
#27570000
0!
0'
#27575000
1!
1'
b110111 K
#27580000
0!
0'
#27585000
1!
1'
b111000 K
#27590000
0!
0'
#27595000
1!
1'
b111001 K
#27600000
0!
0'
#27605000
1!
1'
b111010 K
#27610000
0!
0'
#27615000
1!
1'
b111011 K
#27620000
0!
0'
#27625000
1!
1'
b111100 K
#27630000
0!
0'
#27635000
1!
1'
b111101 K
#27640000
0!
0'
#27645000
1!
1'
b111110 K
#27650000
0!
0'
#27655000
1!
1'
b111111 K
#27660000
0!
0'
#27665000
1!
1'
b1000000 K
#27670000
0!
0'
#27675000
1!
1'
b1000001 K
#27680000
0!
0'
#27685000
1!
1'
b1000010 K
#27690000
0!
0'
#27695000
1!
1'
b1000011 K
#27700000
0!
0'
#27705000
1!
1'
b1000100 K
#27710000
0!
0'
#27715000
1!
1'
b1000101 K
#27720000
0!
0'
#27725000
1!
1'
b1000110 K
#27730000
0!
0'
#27735000
1!
1'
b1000111 K
#27740000
0!
0'
#27745000
1!
1'
b1001000 K
#27750000
0!
0'
#27755000
1!
1'
b1001001 K
#27760000
0!
0'
#27765000
1!
1'
b1001010 K
#27770000
0!
0'
#27775000
1!
1'
b1001011 K
#27780000
0!
0'
#27785000
1!
1'
b1001100 K
#27790000
0!
0'
#27795000
1!
1'
b1001101 K
#27800000
0!
0'
#27805000
1!
1'
b1001110 K
#27810000
0!
0'
#27815000
1!
1'
b1001111 K
#27820000
0!
0'
#27825000
1!
1'
b1010000 K
#27830000
0!
0'
#27835000
1!
1'
b1010001 K
#27840000
0!
0'
#27845000
1!
1'
b1010010 K
#27850000
0!
0'
#27855000
1!
1'
b1010011 K
#27860000
0!
0'
#27865000
1!
1'
b1010100 K
#27870000
0!
0'
#27875000
1!
1'
b1010101 K
#27880000
0!
0'
#27885000
1!
1'
b1010110 K
#27890000
0!
0'
#27895000
1!
1'
b1010111 K
#27900000
0!
0'
#27905000
1!
1'
b1011000 K
#27910000
0!
0'
#27915000
1!
1'
b1011001 K
#27920000
0!
0'
#27925000
1!
1'
b1011010 K
#27930000
0!
0'
#27935000
1!
1'
b1011011 K
#27940000
0!
0'
#27945000
1!
1'
b1011100 K
#27950000
0!
0'
#27955000
1!
1'
b1011101 K
#27960000
0!
0'
#27965000
1!
1'
b1011110 K
#27970000
0!
0'
#27975000
1!
1'
b1011111 K
#27980000
0!
0'
#27985000
1!
1'
b1100000 K
#27990000
0!
0'
#27995000
1!
1'
b1100001 K
#28000000
0!
0'
#28005000
1!
1'
b1100010 K
#28010000
0!
0'
#28015000
1!
1'
b1100011 K
#28020000
0!
0'
#28025000
1!
1'
b0 K
#28030000
0!
0'
#28035000
1!
1'
b1 K
1I
1$
#28040000
0!
0'
#28045000
1!
1'
b10 K
#28050000
0!
0'
#28055000
1!
1'
b11 K
#28060000
0!
0'
#28065000
1!
1'
b100 K
#28070000
0!
0'
#28075000
1!
1'
b101 K
#28080000
0!
0'
#28085000
1!
1'
b110 K
#28090000
0!
0'
#28095000
1!
1'
b111 K
#28100000
0!
0'
#28105000
1!
1'
b1000 K
#28110000
0!
0'
#28115000
1!
1'
b1001 K
#28120000
0!
0'
#28125000
1!
1'
b1010 K
#28130000
0!
0'
#28135000
1!
1'
b1011 K
0I
0$
#28140000
0!
0'
#28145000
1!
1'
b1100 K
#28150000
0!
0'
#28155000
1!
1'
b1101 K
#28160000
0!
0'
#28165000
1!
1'
b1110 K
#28170000
0!
0'
#28175000
1!
1'
b1111 K
#28180000
0!
0'
#28185000
1!
1'
b10000 K
#28190000
0!
0'
#28195000
1!
1'
b10001 K
#28200000
0!
0'
#28205000
1!
1'
b10010 K
#28210000
0!
0'
#28215000
1!
1'
b10011 K
#28220000
0!
0'
#28225000
1!
1'
b10100 K
#28230000
0!
0'
#28235000
1!
1'
b10101 K
#28240000
0!
0'
#28245000
1!
1'
b10110 K
#28250000
0!
0'
#28255000
1!
1'
b10111 K
#28260000
0!
0'
#28265000
1!
1'
b11000 K
#28270000
0!
0'
#28275000
1!
1'
b11001 K
#28280000
0!
0'
#28285000
1!
1'
b11010 K
#28290000
0!
0'
#28295000
1!
1'
b11011 K
#28300000
0!
0'
#28305000
1!
1'
b11100 K
#28310000
0!
0'
#28315000
1!
1'
b11101 K
#28320000
0!
0'
#28325000
1!
1'
b11110 K
#28330000
0!
0'
#28335000
1!
1'
b11111 K
#28340000
0!
0'
#28345000
1!
1'
b100000 K
#28350000
0!
0'
#28355000
1!
1'
b100001 K
#28360000
0!
0'
#28365000
1!
1'
b100010 K
#28370000
0!
0'
#28375000
1!
1'
b100011 K
#28380000
0!
0'
#28385000
1!
1'
b100100 K
#28390000
0!
0'
#28395000
1!
1'
b100101 K
#28400000
0!
0'
#28405000
1!
1'
b100110 K
#28410000
0!
0'
#28415000
1!
1'
b100111 K
#28420000
0!
0'
#28425000
1!
1'
b101000 K
#28430000
0!
0'
#28435000
1!
1'
b101001 K
#28440000
0!
0'
#28445000
1!
1'
b101010 K
#28450000
0!
0'
#28455000
1!
1'
b101011 K
#28460000
0!
0'
#28465000
1!
1'
b101100 K
#28470000
0!
0'
#28475000
1!
1'
b101101 K
#28480000
0!
0'
#28485000
1!
1'
b101110 K
#28490000
0!
0'
#28495000
1!
1'
b101111 K
#28500000
0!
0'
#28505000
1!
1'
b110000 K
#28510000
0!
0'
#28515000
1!
1'
b110001 K
#28520000
0!
0'
#28525000
1!
1'
b110010 K
#28530000
0!
0'
#28535000
1!
1'
b110011 K
#28540000
0!
0'
#28545000
1!
1'
b110100 K
#28550000
0!
0'
#28555000
1!
1'
b110101 K
#28560000
0!
0'
#28565000
1!
1'
b110110 K
#28570000
0!
0'
#28575000
1!
1'
b110111 K
#28580000
0!
0'
#28585000
1!
1'
b111000 K
#28590000
0!
0'
#28595000
1!
1'
b111001 K
#28600000
0!
0'
#28605000
1!
1'
b111010 K
#28610000
0!
0'
#28615000
1!
1'
b111011 K
#28620000
0!
0'
#28625000
1!
1'
b111100 K
#28630000
0!
0'
#28635000
1!
1'
b111101 K
#28640000
0!
0'
#28645000
1!
1'
b111110 K
#28650000
0!
0'
#28655000
1!
1'
b111111 K
#28660000
0!
0'
#28665000
1!
1'
b1000000 K
#28670000
0!
0'
#28675000
1!
1'
b1000001 K
#28680000
0!
0'
#28685000
1!
1'
b1000010 K
#28690000
0!
0'
#28695000
1!
1'
b1000011 K
#28700000
0!
0'
#28705000
1!
1'
b1000100 K
#28710000
0!
0'
#28715000
1!
1'
b1000101 K
#28720000
0!
0'
#28725000
1!
1'
b1000110 K
#28730000
0!
0'
#28735000
1!
1'
b1000111 K
#28740000
0!
0'
#28745000
1!
1'
b1001000 K
#28750000
0!
0'
#28755000
1!
1'
b1001001 K
#28760000
0!
0'
#28765000
1!
1'
b1001010 K
#28770000
0!
0'
#28775000
1!
1'
b1001011 K
#28780000
0!
0'
#28785000
1!
1'
b1001100 K
#28790000
0!
0'
#28795000
1!
1'
b1001101 K
#28800000
0!
0'
#28805000
1!
1'
b1001110 K
#28810000
0!
0'
#28815000
1!
1'
b1001111 K
#28820000
0!
0'
#28825000
1!
1'
b1010000 K
#28830000
0!
0'
#28835000
1!
1'
b1010001 K
#28840000
0!
0'
#28845000
1!
1'
b1010010 K
#28850000
0!
0'
#28855000
1!
1'
b1010011 K
#28860000
0!
0'
#28865000
1!
1'
b1010100 K
#28870000
0!
0'
#28875000
1!
1'
b1010101 K
#28880000
0!
0'
#28885000
1!
1'
b1010110 K
#28890000
0!
0'
#28895000
1!
1'
b1010111 K
#28900000
0!
0'
#28905000
1!
1'
b1011000 K
#28910000
0!
0'
#28915000
1!
1'
b1011001 K
#28920000
0!
0'
#28925000
1!
1'
b1011010 K
#28930000
0!
0'
#28935000
1!
1'
b1011011 K
#28940000
0!
0'
#28945000
1!
1'
b1011100 K
#28950000
0!
0'
#28955000
1!
1'
b1011101 K
#28960000
0!
0'
#28965000
1!
1'
b1011110 K
#28970000
0!
0'
#28975000
1!
1'
b1011111 K
#28980000
0!
0'
#28985000
1!
1'
b1100000 K
#28990000
0!
0'
#28995000
1!
1'
b1100001 K
#29000000
0!
0'
#29005000
1!
1'
b1100010 K
#29010000
0!
0'
#29015000
1!
1'
b1100011 K
#29020000
0!
0'
#29025000
1!
1'
b0 K
#29030000
0!
0'
#29035000
1!
1'
b1 K
1I
1$
#29040000
0!
0'
#29045000
1!
1'
b10 K
#29050000
0!
0'
#29055000
1!
1'
b11 K
#29060000
0!
0'
#29065000
1!
1'
b100 K
#29070000
0!
0'
#29075000
1!
1'
b101 K
#29080000
0!
0'
#29085000
1!
1'
b110 K
#29090000
0!
0'
#29095000
1!
1'
b111 K
#29100000
0!
0'
#29105000
1!
1'
b1000 K
#29110000
0!
0'
#29115000
1!
1'
b1001 K
#29120000
0!
0'
#29125000
1!
1'
b1010 K
#29130000
0!
0'
#29135000
1!
1'
b1011 K
0I
0$
#29140000
0!
0'
#29145000
1!
1'
b1100 K
#29150000
0!
0'
#29155000
1!
1'
b1101 K
#29160000
0!
0'
#29165000
1!
1'
b1110 K
#29170000
0!
0'
#29175000
1!
1'
b1111 K
#29180000
0!
0'
#29185000
1!
1'
b10000 K
#29190000
0!
0'
#29195000
1!
1'
b10001 K
#29200000
0!
0'
#29205000
1!
1'
b10010 K
#29210000
0!
0'
#29215000
1!
1'
b10011 K
#29220000
0!
0'
#29225000
1!
1'
b10100 K
#29230000
0!
0'
#29235000
1!
1'
b10101 K
#29240000
0!
0'
#29245000
1!
1'
b10110 K
#29250000
0!
0'
#29255000
1!
1'
b10111 K
#29260000
0!
0'
#29265000
1!
1'
b11000 K
#29270000
0!
0'
#29275000
1!
1'
b11001 K
#29280000
0!
0'
#29285000
1!
1'
b11010 K
#29290000
0!
0'
#29295000
1!
1'
b11011 K
#29300000
0!
0'
#29305000
1!
1'
b11100 K
#29310000
0!
0'
#29315000
1!
1'
b11101 K
#29320000
0!
0'
#29325000
1!
1'
b11110 K
#29330000
0!
0'
#29335000
1!
1'
b11111 K
#29340000
0!
0'
#29345000
1!
1'
b100000 K
#29350000
0!
0'
#29355000
1!
1'
b100001 K
#29360000
0!
0'
#29365000
1!
1'
b100010 K
#29370000
0!
0'
#29375000
1!
1'
b100011 K
#29380000
0!
0'
#29385000
1!
1'
b100100 K
#29390000
0!
0'
#29395000
1!
1'
b100101 K
#29400000
0!
0'
#29405000
1!
1'
b100110 K
#29410000
0!
0'
#29415000
1!
1'
b100111 K
#29420000
0!
0'
#29425000
1!
1'
b101000 K
#29430000
0!
0'
#29435000
1!
1'
b101001 K
#29440000
0!
0'
#29445000
1!
1'
b101010 K
#29450000
0!
0'
#29455000
1!
1'
b101011 K
#29460000
0!
0'
#29465000
1!
1'
b101100 K
#29470000
0!
0'
#29475000
1!
1'
b101101 K
#29480000
0!
0'
#29485000
1!
1'
b101110 K
#29490000
0!
0'
#29495000
1!
1'
b101111 K
#29500000
0!
0'
#29505000
1!
1'
b110000 K
#29510000
0!
0'
#29515000
1!
1'
b110001 K
#29520000
0!
0'
#29525000
1!
1'
b110010 K
#29530000
0!
0'
#29535000
1!
1'
b110011 K
#29540000
0!
0'
#29545000
1!
1'
b110100 K
#29550000
0!
0'
#29555000
1!
1'
b110101 K
#29560000
0!
0'
#29565000
1!
1'
b110110 K
#29570000
0!
0'
#29575000
1!
1'
b110111 K
#29580000
0!
0'
#29585000
1!
1'
b111000 K
#29590000
0!
0'
#29595000
1!
1'
b111001 K
#29600000
0!
0'
#29605000
1!
1'
b111010 K
#29610000
0!
0'
#29615000
1!
1'
b111011 K
#29620000
0!
0'
#29625000
1!
1'
b111100 K
#29630000
0!
0'
#29635000
1!
1'
b111101 K
#29640000
0!
0'
#29645000
1!
1'
b111110 K
#29650000
0!
0'
#29655000
1!
1'
b111111 K
#29660000
0!
0'
#29665000
1!
1'
b1000000 K
#29670000
0!
0'
#29675000
1!
1'
b1000001 K
#29680000
0!
0'
#29685000
1!
1'
b1000010 K
#29690000
0!
0'
#29695000
1!
1'
b1000011 K
#29700000
0!
0'
#29705000
1!
1'
b1000100 K
#29710000
0!
0'
#29715000
1!
1'
b1000101 K
#29720000
0!
0'
#29725000
1!
1'
b1000110 K
#29730000
0!
0'
#29735000
1!
1'
b1000111 K
#29740000
0!
0'
#29745000
1!
1'
b1001000 K
#29750000
0!
0'
#29755000
1!
1'
b1001001 K
#29760000
0!
0'
#29765000
1!
1'
b1001010 K
#29770000
0!
0'
#29775000
1!
1'
b1001011 K
#29780000
0!
0'
#29785000
1!
1'
b1001100 K
#29790000
0!
0'
#29795000
1!
1'
b1001101 K
#29800000
0!
0'
#29805000
1!
1'
b1001110 K
#29810000
0!
0'
#29815000
1!
1'
b1001111 K
#29820000
0!
0'
#29825000
1!
1'
b1010000 K
#29830000
0!
0'
#29835000
1!
1'
b1010001 K
#29840000
0!
0'
#29845000
1!
1'
b1010010 K
#29850000
0!
0'
#29855000
1!
1'
b1010011 K
#29860000
0!
0'
#29865000
1!
1'
b1010100 K
#29870000
0!
0'
#29875000
1!
1'
b1010101 K
#29880000
0!
0'
#29885000
1!
1'
b1010110 K
#29890000
0!
0'
#29895000
1!
1'
b1010111 K
#29900000
0!
0'
#29905000
1!
1'
b1011000 K
#29910000
0!
0'
#29915000
1!
1'
b1011001 K
#29920000
0!
0'
#29925000
1!
1'
b1011010 K
#29930000
0!
0'
#29935000
1!
1'
b1011011 K
#29940000
0!
0'
#29945000
1!
1'
b1011100 K
#29950000
0!
0'
#29955000
1!
1'
b1011101 K
#29960000
0!
0'
#29965000
1!
1'
b1011110 K
#29970000
0!
0'
#29975000
1!
1'
b1011111 K
#29980000
0!
0'
#29985000
1!
1'
b1100000 K
#29990000
0!
0'
#29995000
1!
1'
b1100001 K
#30000000
0!
0'
#30005000
1!
1'
b1100010 K
#30010000
0!
0'
#30015000
1!
1'
b1100011 K
#30020000
0!
0'
#30025000
1!
1'
b0 K
